index,Year,NOC,Golds Prediction,Gold_lower_bound,Gold_upper_bound,Silvers Prediction,Silver_lower_bound,Silver_upper_bound,Bronzes Prediction,Bronze_lower_bound,Bronze_upper_bound,Medals Prediction,Medals_lower_bound,Medals_upper_bound,Host,Gold_Lag1,Silver_Lag1,Bronze_Lag1,Athletes_Lag1,Females_Lag1,Sports_Lag1,Events_Lag1,Athletes per Event_Lag1,Gold_Lag2,Silver_Lag2,Bronze_Lag2,Athletes_Lag2,Females_Lag2,Sports_Lag2,Events_Lag2,Athletes per Event_Lag2,Gold_Lag3,Silver_Lag3,Bronze_Lag3,Athletes_Lag3,Females_Lag3,Sports_Lag3,Events_Lag3,Athletes per Event_Lag3,Gold_Lag4,Silver_Lag4,Bronze_Lag4,Athletes_Lag4,Females_Lag4,Sports_Lag4,Events_Lag4,Athletes per Event_Lag4,Gold_Lag5,Silver_Lag5,Bronze_Lag5,Athletes_Lag5,Females_Lag5,Sports_Lag5,Events_Lag5,Athletes per Event_Lag5,Gold_Lag6,Silver_Lag6,Bronze_Lag6,Athletes_Lag6,Females_Lag6,Sports_Lag6,Events_Lag6,Athletes per Event_Lag6,Gold_Lag7,Silver_Lag7,Bronze_Lag7,Athletes_Lag7,Females_Lag7,Sports_Lag7,Events_Lag7,Athletes per Event_Lag7,Gold_Lag8,Silver_Lag8,Bronze_Lag8,Athletes_Lag8,Females_Lag8,Sports_Lag8,Events_Lag8,Athletes per Event_Lag8,Gold_Lag9,Silver_Lag9,Bronze_Lag9,Athletes_Lag9,Females_Lag9,Sports_Lag9,Events_Lag9,Athletes per Event_Lag9,NOC_AFG,NOC_ALB,NOC_ALG,NOC_ANT,NOC_ARG,NOC_ARM,NOC_AUS,NOC_AUT,NOC_AZE,NOC_BAH,NOC_BDI,NOC_BEL,NOC_BER,NOC_BLR,NOC_BOH,NOC_BRA,NOC_BRN,NOC_BUL,NOC_CAN,NOC_CHN,NOC_CIV,NOC_CMR,NOC_COL,NOC_CPV,NOC_CRC,NOC_CUB,NOC_CYP,NOC_CZE,NOC_DEN,NOC_DJI,NOC_DMA,NOC_DOM,NOC_ECU,NOC_EGY,NOC_ESP,NOC_EST,NOC_ETH,NOC_EUN,NOC_FIN,NOC_FRA,NOC_FRG,NOC_GAB,NOC_GBR,NOC_GDR,NOC_GEO,NOC_GER,NOC_GHA,NOC_GRE,NOC_HAI,NOC_HKG,NOC_HUN,NOC_INA,NOC_IND,NOC_IOA,NOC_IRL,NOC_ISL,NOC_ISR,NOC_ITA,NOC_JAM,NOC_JOR,NOC_JPN,NOC_KAZ,NOC_KEN,NOC_KGZ,NOC_KOR,NOC_KOS,NOC_KSA,NOC_KUW,NOC_LAT,NOC_LCA,NOC_LTU,NOC_LUX,NOC_MAR,NOC_MAS,NOC_MDA,NOC_MEX,NOC_MGL,NOC_MKD,NOC_MNE,NOC_MOZ,NOC_NAM,NOC_NED,NOC_NGR,NOC_NOR,NOC_NZL,NOC_PAK,NOC_PAN,NOC_PER,NOC_PHI,NOC_POL,NOC_POR,NOC_PRK,NOC_PUR,NOC_QAT,NOC_ROC,NOC_ROU,NOC_RSA,NOC_RUS,NOC_SAM,NOC_SEN,NOC_SGP,NOC_SMR,NOC_SRB,NOC_SUI,NOC_SUR,NOC_SVK,NOC_SWE,NOC_SYR,NOC_TCH,NOC_THA,NOC_TJK,NOC_TKM,NOC_TOG,NOC_TPE,NOC_TTO,NOC_TUN,NOC_TUR,NOC_UGA,NOC_UKR,NOC_URS,NOC_USA,NOC_UZB,NOC_VEN,NOC_VIE,NOC_YUG,NOC_ZAM,NOC_ZIM
79,2028,USA,49,38,59,37,27,45,35,25,40,121,90,144,1,40.0,44.0,42.0,619.0,328.0,47.0,234.0,2.645,39.0,41.0,33.0,633.0,340.0,44.0,245.0,2.584,46.0,37.0,38.0,555.0,291.0,33.0,245.0,2.265,48.0,26.0,30.0,529.0,268.0,31.0,245.0,2.159,36.0,39.0,37.0,587.0,282.0,32.0,258.0,2.275,37.0,24.0,32.0,586.0,253.0,31.0,265.0,2.211,44.0,32.0,25.0,647.0,273.0,31.0,263.0,2.46,37.0,34.0,37.0,540.0,190.0,28.0,248.0,2.177,36.0,31.0,27.0,526.0,195.0,27.0,230.0,2.287,False,False,False,False,False,False,False,False,False,False,False,False,False,False,False,False,False,False,False,False,False,False,False,False,False,False,False,False,False,False,False,False,False,False,False,False,False,False,False,False,False,False,False,False,False,False,False,False,False,False,False,False,False,False,False,False,False,False,False,False,False,False,False,False,False,False,False,False,False,False,False,False,False,False,False,False,False,False,False,False,False,False,False,False,False,False,False,False,False,False,False,False,False,False,False,False,False,False,False,False,False,False,False,False,False,False,False,False,False,False,False,False,False,False,False,False,False,False,False,False,True,False,False,False,False,False,False
12,2028,CHN,35,21,43,25,10,33,24,12,33,84,43,109,0,40.0,27.0,24.0,396.0,262.0,42.0,211.0,1.877,38.0,32.0,19.0,417.0,288.0,41.0,210.0,1.986,26.0,18.0,26.0,390.0,240.0,32.0,209.0,1.866,39.0,31.0,22.0,365.0,207.0,29.0,206.0,1.772,48.0,22.0,30.0,583.0,281.0,34.0,257.0,2.268,28.0,16.0,14.0,266.0,176.0,28.0,163.0,1.632,16.0,22.0,12.0,289.0,180.0,25.0,155.0,1.865,16.0,22.0,16.0,243.0,126.0,23.0,144.0,1.688,5.0,11.0,12.0,271.0,124.0,25.0,150.0,1.807,False,False,False,False,False,False,False,False,False,False,False,False,False,False,False,False,False,False,False,True,False,False,False,False,False,False,False,False,False,False,False,False,False,False,False,False,False,False,False,False,False,False,False,False,False,False,False,False,False,False,False,False,False,False,False,False,False,False,False,False,False,False,False,False,False,False,False,False,False,False,False,False,False,False,False,False,False,False,False,False,False,False,False,False,False,False,False,False,False,False,False,False,False,False,False,False,False,False,False,False,False,False,False,False,False,False,False,False,False,False,False,False,False,False,False,False,False,False,False,False,False,False,False,False,False,False,False
27,2028,GBR,21,14,30,18,8,26,19,11,26,58,33,82,0,14.0,22.0,29.0,343.0,178.0,33.0,174.0,1.971,22.0,20.0,22.0,392.0,208.0,35.0,197.0,1.99,27.0,23.0,17.0,360.0,159.0,26.0,198.0,1.818,29.0,18.0,18.0,530.0,257.0,32.0,249.0,2.129,19.0,13.0,19.0,303.0,140.0,23.0,185.0,1.638,11.0,10.0,7.0,309.0,128.0,23.0,179.0,1.726,1.0,8.0,6.0,300.0,116.0,22.0,175.0,1.714,5.0,3.0,12.0,371.0,142.0,23.0,203.0,1.828,5.0,10.0,9.0,345.0,126.0,22.0,191.0,1.806,False,False,False,False,False,False,False,False,False,False,False,False,False,False,False,False,False,False,False,False,False,False,False,False,False,False,False,False,False,False,False,False,False,False,False,False,False,False,False,False,False,False,True,False,False,False,False,False,False,False,False,False,False,False,False,False,False,False,False,False,False,False,False,False,False,False,False,False,False,False,False,False,False,False,False,False,False,False,False,False,False,False,False,False,False,False,False,False,False,False,False,False,False,False,False,False,False,False,False,False,False,False,False,False,False,False,False,False,False,False,False,False,False,False,False,False,False,False,False,False,False,False,False,False,False,False,False
29,2028,GER,13,2,21,14,8,23,21,15,28,48,25,72,0,12.0,13.0,8.0,457.0,225.0,42.0,196.0,2.332,10.0,11.0,16.0,415.0,168.0,37.0,206.0,2.015,17.0,10.0,15.0,418.0,194.0,29.0,217.0,1.926,11.0,20.0,13.0,383.0,171.0,27.0,213.0,1.798,16.0,11.0,14.0,420.0,183.0,30.0,207.0,2.029,13.0,17.0,26.0,422.0,181.0,29.0,234.0,1.803,20.0,18.0,27.0,464.0,187.0,26.0,234.0,1.983,33.0,21.0,28.0,463.0,163.0,26.0,237.0,1.954,0.0,7.0,17.0,205.0,32.0,18.0,123.0,1.667,False,False,False,False,False,False,False,False,False,False,False,False,False,False,False,False,False,False,False,False,False,False,False,False,False,False,False,False,False,False,False,False,False,False,False,False,False,False,False,False,False,False,False,False,False,True,False,False,False,False,False,False,False,False,False,False,False,False,False,False,False,False,False,False,False,False,False,False,False,False,False,False,False,False,False,False,False,False,False,False,False,False,False,False,False,False,False,False,False,False,False,False,False,False,False,False,False,False,False,False,False,False,False,False,False,False,False,False,False,False,False,False,False,False,False,False,False,False,False,False,False,False,False,False,False,False,False
26,2028,FRA,15,11,19,14,9,18,18,13,23,47,33,60,0,16.0,26.0,22.0,601.0,295.0,46.0,223.0,2.695,10.0,12.0,11.0,396.0,174.0,41.0,194.0,2.041,10.0,18.0,14.0,392.0,167.0,32.0,202.0,1.941,11.0,11.0,13.0,324.0,142.0,28.0,188.0,1.723,7.0,16.0,20.0,309.0,121.0,25.0,205.0,1.507,13.0,14.0,11.0,336.0,125.0,28.0,196.0,1.714,15.0,7.0,15.0,299.0,102.0,25.0,183.0,1.634,8.0,5.0,16.0,339.0,98.0,25.0,196.0,1.73,6.0,4.0,6.0,266.0,74.0,23.0,167.0,1.593,False,False,False,False,False,False,False,False,False,False,False,False,False,False,False,False,False,False,False,False,False,False,False,False,False,False,False,False,False,False,False,False,False,False,False,False,False,False,False,True,False,False,False,False,False,False,False,False,False,False,False,False,False,False,False,False,False,False,False,False,False,False,False,False,False,False,False,False,False,False,False,False,False,False,False,False,False,False,False,False,False,False,False,False,False,False,False,False,False,False,False,False,False,False,False,False,False,False,False,False,False,False,False,False,False,False,False,False,False,False,False,False,False,False,False,False,False,False,False,False,False,False,False,False,False,False,False
4,2028,AUS,14,7,20,12,6,18,18,13,22,44,26,60,0,18.0,19.0,16.0,474.0,264.0,44.0,205.0,2.312,17.0,7.0,22.0,489.0,261.0,41.0,193.0,2.534,8.0,11.0,10.0,420.0,212.0,31.0,194.0,2.165,8.0,15.0,12.0,405.0,184.0,29.0,208.0,1.947,14.0,15.0,17.0,432.0,199.0,31.0,219.0,1.973,16.0,25.0,17.0,617.0,276.0,34.0,270.0,2.285,9.0,9.0,23.0,417.0,167.0,26.0,211.0,1.976,7.0,9.0,11.0,278.0,92.0,25.0,153.0,1.817,3.0,6.0,5.0,252.0,72.0,24.0,145.0,1.738,False,False,False,False,False,False,True,False,False,False,False,False,False,False,False,False,False,False,False,False,False,False,False,False,False,False,False,False,False,False,False,False,False,False,False,False,False,False,False,False,False,False,False,False,False,False,False,False,False,False,False,False,False,False,False,False,False,False,False,False,False,False,False,False,False,False,False,False,False,False,False,False,False,False,False,False,False,False,False,False,False,False,False,False,False,False,False,False,False,False,False,False,False,False,False,False,False,False,False,False,False,False,False,False,False,False,False,False,False,False,False,False,False,False,False,False,False,False,False,False,False,False,False,False,False,False,False
40,2028,JPN,15,9,20,12,6,16,16,12,20,43,27,56,0,20.0,12.0,13.0,430.0,201.0,41.0,166.0,2.59,27.0,14.0,17.0,613.0,291.0,46.0,222.0,2.761,12.0,8.0,21.0,335.0,164.0,32.0,186.0,1.801,7.0,14.0,17.0,291.0,155.0,29.0,178.0,1.635,9.0,8.0,8.0,332.0,165.0,31.0,176.0,1.886,5.0,8.0,5.0,266.0,110.0,28.0,156.0,1.705,3.0,6.0,5.0,306.0,149.0,27.0,168.0,1.821,3.0,8.0,11.0,256.0,81.0,24.0,166.0,1.542,4.0,3.0,7.0,255.0,69.0,23.0,166.0,1.536,False,False,False,False,False,False,False,False,False,False,False,False,False,False,False,False,False,False,False,False,False,False,False,False,False,False,False,False,False,False,False,False,False,False,False,False,False,False,False,False,False,False,False,False,False,False,False,False,False,False,False,False,False,False,False,False,False,False,False,False,True,False,False,False,False,False,False,False,False,False,False,False,False,False,False,False,False,False,False,False,False,False,False,False,False,False,False,False,False,False,False,False,False,False,False,False,False,False,False,False,False,False,False,False,False,False,False,False,False,False,False,False,False,False,False,False,False,False,False,False,False,False,False,False,False,False,False
37,2028,ITA,12,10,16,12,10,15,14,12,17,38,32,48,0,12.0,13.0,15.0,397.0,192.0,39.0,205.0,1.937,10.0,10.0,20.0,377.0,184.0,39.0,198.0,1.904,8.0,12.0,8.0,309.0,141.0,26.0,171.0,1.807,8.0,9.0,11.0,281.0,123.0,28.0,169.0,1.663,8.0,9.0,10.0,333.0,130.0,29.0,190.0,1.753,13.0,8.0,13.0,361.0,115.0,29.0,175.0,2.063,13.0,10.0,12.0,340.0,104.0,27.0,172.0,1.977,6.0,5.0,8.0,304.0,76.0,26.0,169.0,1.799,6.0,4.0,4.0,253.0,41.0,23.0,140.0,1.807,False,False,False,False,False,False,False,False,False,False,False,False,False,False,False,False,False,False,False,False,False,False,False,False,False,False,False,False,False,False,False,False,False,False,False,False,False,False,False,False,False,False,False,False,False,False,False,False,False,False,False,False,False,False,False,False,False,True,False,False,False,False,False,False,False,False,False,False,False,False,False,False,False,False,False,False,False,False,False,False,False,False,False,False,False,False,False,False,False,False,False,False,False,False,False,False,False,False,False,False,False,False,False,False,False,False,False,False,False,False,False,False,False,False,False,False,False,False,False,False,False,False,False,False,False,False,False
11,2028,CAN,8,4,13,10,6,14,12,8,15,30,18,42,0,9.0,7.0,11.0,332.0,203.0,40.0,172.0,1.93,7.0,7.0,10.0,386.0,235.0,40.0,182.0,2.121,4.0,3.0,15.0,309.0,183.0,31.0,175.0,1.766,2.0,6.0,10.0,272.0,154.0,28.0,179.0,1.52,3.0,9.0,8.0,332.0,146.0,30.0,185.0,1.795,3.0,3.0,8.0,294.0,144.0,29.0,175.0,1.68,3.0,11.0,8.0,303.0,151.0,25.0,189.0,1.603,7.0,4.0,7.0,295.0,116.0,24.0,199.0,1.482,3.0,2.0,5.0,328.0,105.0,23.0,193.0,1.699,False,False,False,False,False,False,False,False,False,False,False,False,False,False,False,False,False,False,True,False,False,False,False,False,False,False,False,False,False,False,False,False,False,False,False,False,False,False,False,False,False,False,False,False,False,False,False,False,False,False,False,False,False,False,False,False,False,False,False,False,False,False,False,False,False,False,False,False,False,False,False,False,False,False,False,False,False,False,False,False,False,False,False,False,False,False,False,False,False,False,False,False,False,False,False,False,False,False,False,False,False,False,False,False,False,False,False,False,False,False,False,False,False,False,False,False,False,False,False,False,False,False,False,False,False,False,False
53,2028,NED,9,6,13,9,7,14,11,7,14,29,20,41,0,15.0,7.0,12.0,288.0,170.0,32.0,132.0,2.182,10.0,12.0,14.0,282.0,167.0,31.0,123.0,2.293,8.0,7.0,4.0,237.0,132.0,23.0,122.0,1.943,6.0,6.0,8.0,173.0,79.0,19.0,95.0,1.821,7.0,5.0,4.0,237.0,98.0,20.0,98.0,2.418,12.0,9.0,4.0,231.0,84.0,21.0,95.0,2.432,4.0,5.0,10.0,238.0,101.0,19.0,94.0,2.532,2.0,6.0,7.0,201.0,84.0,20.0,105.0,1.914,2.0,2.0,5.0,147.0,54.0,17.0,86.0,1.709,False,False,False,False,False,False,False,False,False,False,False,False,False,False,False,False,False,False,False,False,False,False,False,False,False,False,False,False,False,False,False,False,False,False,False,False,False,False,False,False,False,False,False,False,False,False,False,False,False,False,False,False,False,False,False,False,False,False,False,False,False,False,False,False,False,False,False,False,False,False,False,False,False,False,False,False,False,False,False,False,False,True,False,False,False,False,False,False,False,False,False,False,False,False,False,False,False,False,False,False,False,False,False,False,False,False,False,False,False,False,False,False,False,False,False,False,False,False,False,False,False,False,False,False,False,False,False
44,2028,KOR,9,0,14,7,0,12,6,0,10,22,0,36,0,13.0,9.0,10.0,147.0,81.0,23.0,104.0,1.413,6.0,4.0,10.0,237.0,106.0,31.0,120.0,1.975,9.0,3.0,9.0,207.0,104.0,26.0,117.0,1.769,13.0,9.0,9.0,249.0,115.0,25.0,140.0,1.779,13.0,11.0,8.0,263.0,104.0,27.0,142.0,1.852,8.0,10.0,10.0,279.0,106.0,26.0,144.0,1.938,7.0,15.0,5.0,299.0,110.0,25.0,160.0,1.869,12.0,5.0,12.0,225.0,71.0,24.0,134.0,1.679,12.0,10.0,11.0,399.0,131.0,27.0,218.0,1.83,False,False,False,False,False,False,False,False,False,False,False,False,False,False,False,False,False,False,False,False,False,False,False,False,False,False,False,False,False,False,False,False,False,False,False,False,False,False,False,False,False,False,False,False,False,False,False,False,False,False,False,False,False,False,False,False,False,False,False,False,False,False,False,False,True,False,False,False,False,False,False,False,False,False,False,False,False,False,False,False,False,False,False,False,False,False,False,False,False,False,False,False,False,False,False,False,False,False,False,False,False,False,False,False,False,False,False,False,False,False,False,False,False,False,False,False,False,False,False,False,False,False,False,False,False,False,False
24,2028,ESP,4,0,8,8,4,12,9,6,15,21,10,35,0,5.0,4.0,9.0,400.0,202.0,39.0,150.0,2.667,3.0,8.0,6.0,334.0,142.0,36.0,146.0,2.288,7.0,4.0,6.0,306.0,142.0,28.0,146.0,2.096,4.0,10.0,6.0,278.0,110.0,27.0,135.0,2.059,5.0,11.0,3.0,282.0,120.0,29.0,147.0,1.918,3.0,3.0,5.0,316.0,101.0,27.0,165.0,1.915,5.0,6.0,6.0,284.0,93.0,22.0,157.0,1.809,13.0,7.0,2.0,412.0,122.0,29.0,195.0,2.113,1.0,1.0,2.0,226.0,29.0,24.0,130.0,1.738,False,False,False,False,False,False,False,False,False,False,False,False,False,False,False,False,False,False,False,False,False,False,False,False,False,False,False,False,False,False,False,False,False,False,True,False,False,False,False,False,False,False,False,False,False,False,False,False,False,False,False,False,False,False,False,False,False,False,False,False,False,False,False,False,False,False,False,False,False,False,False,False,False,False,False,False,False,False,False,False,False,False,False,False,False,False,False,False,False,False,False,False,False,False,False,False,False,False,False,False,False,False,False,False,False,False,False,False,False,False,False,False,False,False,False,False,False,False,False,False,False,False,False,False,False,False,False
32,2028,HUN,7,5,11,6,4,9,7,4,10,20,13,30,0,6.0,7.0,6.0,177.0,85.0,24.0,114.0,1.553,6.0,7.0,7.0,171.0,90.0,25.0,110.0,1.555,8.0,3.0,4.0,153.0,65.0,20.0,113.0,1.354,8.0,4.0,6.0,151.0,59.0,21.0,111.0,1.36,3.0,5.0,2.0,169.0,83.0,20.0,126.0,1.341,8.0,6.0,3.0,178.0,69.0,23.0,137.0,1.299,7.0,4.0,10.0,212.0,66.0,24.0,145.0,1.462,11.0,12.0,7.0,215.0,57.0,23.0,156.0,1.378,11.0,6.0,6.0,188.0,36.0,20.0,135.0,1.393,False,False,False,False,False,False,False,False,False,False,False,False,False,False,False,False,False,False,False,False,False,False,False,False,False,False,False,False,False,False,False,False,False,False,False,False,False,False,False,False,False,False,False,False,False,False,False,False,False,False,True,False,False,False,False,False,False,False,False,False,False,False,False,False,False,False,False,False,False,False,False,False,False,False,False,False,False,False,False,False,False,False,False,False,False,False,False,False,False,False,False,False,False,False,False,False,False,False,False,False,False,False,False,False,False,False,False,False,False,False,False,False,False,False,False,False,False,False,False,False,False,False,False,False,False,False,False
8,2028,BRA,4,0,8,6,2,10,8,4,11,18,6,29,0,3.0,7.0,10.0,289.0,164.0,38.0,146.0,1.979,7.0,6.0,8.0,319.0,150.0,33.0,142.0,2.246,7.0,6.0,6.0,458.0,207.0,34.0,222.0,2.063,3.0,5.0,9.0,246.0,117.0,27.0,138.0,1.783,3.0,4.0,10.0,265.0,129.0,28.0,145.0,1.828,0.0,6.0,6.0,196.0,91.0,24.0,96.0,2.042,3.0,3.0,9.0,220.0,64.0,18.0,93.0,2.366,2.0,1.0,0.0,181.0,50.0,23.0,107.0,1.692,1.0,2.0,3.0,157.0,33.0,21.0,106.0,1.481,False,False,False,False,False,False,False,False,False,False,False,False,False,False,False,True,False,False,False,False,False,False,False,False,False,False,False,False,False,False,False,False,False,False,False,False,False,False,False,False,False,False,False,False,False,False,False,False,False,False,False,False,False,False,False,False,False,False,False,False,False,False,False,False,False,False,False,False,False,False,False,False,False,False,False,False,False,False,False,False,False,False,False,False,False,False,False,False,False,False,False,False,False,False,False,False,False,False,False,False,False,False,False,False,False,False,False,False,False,False,False,False,False,False,False,False,False,False,False,False,False,False,False,False,False,False,False
60,2028,POL,5,2,8,5,2,8,7,4,10,17,8,26,0,1.0,4.0,5.0,226.0,124.0,28.0,134.0,1.687,4.0,5.0,5.0,218.0,105.0,28.0,137.0,1.591,2.0,3.0,6.0,234.0,95.0,24.0,144.0,1.625,3.0,2.0,6.0,210.0,86.0,24.0,148.0,1.419,4.0,5.0,2.0,257.0,101.0,23.0,165.0,1.558,6.0,5.0,3.0,187.0,58.0,20.0,133.0,1.406,7.0,5.0,5.0,165.0,39.0,20.0,126.0,1.31,3.0,6.0,10.0,201.0,52.0,21.0,136.0,1.478,2.0,5.0,9.0,143.0,32.0,19.0,105.0,1.362,False,False,False,False,False,False,False,False,False,False,False,False,False,False,False,False,False,False,False,False,False,False,False,False,False,False,False,False,False,False,False,False,False,False,False,False,False,False,False,False,False,False,False,False,False,False,False,False,False,False,False,False,False,False,False,False,False,False,False,False,False,False,False,False,False,False,False,False,False,False,False,False,False,False,False,False,False,False,False,False,False,False,False,False,False,False,False,False,False,True,False,False,False,False,False,False,False,False,False,False,False,False,False,False,False,False,False,False,False,False,False,False,False,False,False,False,False,False,False,False,False,False,False,False,False,False,False
55,2028,NZL,6,4,9,5,2,7,6,3,8,17,9,24,0,10.0,7.0,3.0,208.0,101.0,27.0,100.0,2.08,7.0,6.0,7.0,228.0,109.0,26.0,90.0,2.533,4.0,9.0,5.0,195.0,97.0,20.0,100.0,1.95,6.0,2.0,5.0,178.0,82.0,16.0,87.0,2.046,3.0,2.0,4.0,178.0,82.0,17.0,78.0,2.282,1.0,0.0,3.0,147.0,70.0,18.0,95.0,1.547,3.0,2.0,1.0,95.0,29.0,15.0,81.0,1.173,1.0,4.0,5.0,134.0,42.0,17.0,87.0,1.54,3.0,2.0,8.0,83.0,16.0,16.0,58.0,1.431,False,False,False,False,False,False,False,False,False,False,False,False,False,False,False,False,False,False,False,False,False,False,False,False,False,False,False,False,False,False,False,False,False,False,False,False,False,False,False,False,False,False,False,False,False,False,False,False,False,False,False,False,False,False,False,False,False,False,False,False,False,False,False,False,False,False,False,False,False,False,False,False,False,False,False,False,False,False,False,False,False,False,False,False,True,False,False,False,False,False,False,False,False,False,False,False,False,False,False,False,False,False,False,False,False,False,False,False,False,False,False,False,False,False,False,False,False,False,False,False,False,False,False,False,False,False,False
78,2028,UKR,3,0,9,3,0,7,8,1,13,14,1,29,0,3.0,5.0,4.0,141.0,69.0,25.0,101.0,1.396,1.0,6.0,12.0,153.0,88.0,28.0,121.0,1.264,2.0,5.0,4.0,204.0,117.0,24.0,142.0,1.437,5.0,4.0,10.0,230.0,111.0,25.0,174.0,1.322,7.0,4.0,11.0,243.0,116.0,24.0,177.0,1.373,3.0,10.0,10.0,230.0,91.0,23.0,185.0,1.243,9.0,2.0,12.0,231.0,85.0,21.0,148.0,1.561,0.0,0.0,0.0,0.0,0.0,0.0,0.0,0.0,0.0,0.0,0.0,0.0,0.0,0.0,0.0,0.0,False,False,False,False,False,False,False,False,False,False,False,False,False,False,False,False,False,False,False,False,False,False,False,False,False,False,False,False,False,False,False,False,False,False,False,False,False,False,False,False,False,False,False,False,False,False,False,False,False,False,False,False,False,False,False,False,False,False,False,False,False,False,False,False,False,False,False,False,False,False,False,False,False,False,False,False,False,False,False,False,False,False,False,False,False,False,False,False,False,False,False,False,False,False,False,False,False,False,False,False,False,False,False,False,False,False,False,False,False,False,False,False,False,False,False,False,False,False,True,False,False,False,False,False,False,False,False
71,2028,SWE,3,1,6,5,1,7,5,3,8,13,5,21,0,4.0,4.0,3.0,125.0,66.0,21.0,81.0,1.543,3.0,6.0,0.0,136.0,79.0,23.0,77.0,1.766,2.0,6.0,3.0,150.0,86.0,22.0,79.0,1.899,1.0,4.0,3.0,133.0,78.0,21.0,81.0,1.642,0.0,4.0,1.0,123.0,73.0,20.0,81.0,1.519,4.0,5.0,3.0,150.0,52.0,22.0,92.0,1.63,2.0,4.0,2.0,177.0,66.0,22.0,109.0,1.624,1.0,7.0,4.0,186.0,44.0,22.0,121.0,1.537,0.0,4.0,7.0,182.0,36.0,23.0,113.0,1.611,False,False,False,False,False,False,False,False,False,False,False,False,False,False,False,False,False,False,False,False,False,False,False,False,False,False,False,False,False,False,False,False,False,False,False,False,False,False,False,False,False,False,False,False,False,False,False,False,False,False,False,False,False,False,False,False,False,False,False,False,False,False,False,False,False,False,False,False,False,False,False,False,False,False,False,False,False,False,False,False,False,False,False,False,False,False,False,False,False,False,False,False,False,False,False,False,False,False,False,False,False,False,False,False,False,False,True,False,False,False,False,False,False,False,False,False,False,False,False,False,False,False,False,False,False,False,False
16,2028,CUB,4,0,7,3,0,7,5,2,8,12,2,22,0,2.0,1.0,6.0,61.0,27.0,16.0,52.0,1.173,7.0,3.0,5.0,69.0,33.0,15.0,64.0,1.078,5.0,2.0,4.0,117.0,34.0,19.0,99.0,1.182,5.0,3.0,7.0,109.0,44.0,14.0,86.0,1.267,3.0,10.0,17.0,158.0,56.0,18.0,102.0,1.549,11.0,11.0,7.0,229.0,82.0,24.0,135.0,1.696,9.0,8.0,8.0,164.0,53.0,15.0,84.0,1.952,14.0,6.0,11.0,176.0,50.0,16.0,90.0,1.956,6.0,4.0,3.0,156.0,24.0,14.0,76.0,2.053,False,False,False,False,False,False,False,False,False,False,False,False,False,False,False,False,False,False,False,False,False,False,False,False,False,True,False,False,False,False,False,False,False,False,False,False,False,False,False,False,False,False,False,False,False,False,False,False,False,False,False,False,False,False,False,False,False,False,False,False,False,False,False,False,False,False,False,False,False,False,False,False,False,False,False,False,False,False,False,False,False,False,False,False,False,False,False,False,False,False,False,False,False,False,False,False,False,False,False,False,False,False,False,False,False,False,False,False,False,False,False,False,False,False,False,False,False,False,False,False,False,False,False,False,False,False,False
18,2028,CZE,4,1,7,3,0,7,5,2,7,12,3,21,0,3.0,0.0,2.0,111.0,49.0,27.0,94.0,1.181,4.0,4.0,3.0,115.0,41.0,26.0,89.0,1.292,1.0,2.0,7.0,104.0,42.0,20.0,92.0,1.13,4.0,4.0,3.0,133.0,65.0,21.0,99.0,1.343,3.0,3.0,1.0,134.0,59.0,21.0,105.0,1.276,2.0,3.0,3.0,119.0,33.0,20.0,96.0,1.24,4.0,3.0,4.0,115.0,39.0,17.0,110.0,1.045,0.0,0.0,0.0,0.0,0.0,0.0,0.0,0.0,0.0,0.0,0.0,0.0,0.0,0.0,0.0,0.0,False,False,False,False,False,False,False,False,False,False,False,False,False,False,False,False,False,False,False,False,False,False,False,False,False,False,False,True,False,False,False,False,False,False,False,False,False,False,False,False,False,False,False,False,False,False,False,False,False,False,False,False,False,False,False,False,False,False,False,False,False,False,False,False,False,False,False,False,False,False,False,False,False,False,False,False,False,False,False,False,False,False,False,False,False,False,False,False,False,False,False,False,False,False,False,False,False,False,False,False,False,False,False,False,False,False,False,False,False,False,False,False,False,False,False,False,False,False,False,False,False,False,False,False,False,False,False
65,2028,ROU,3,0,6,4,1,7,5,1,7,12,2,20,0,3.0,4.0,2.0,96.0,47.0,18.0,57.0,1.684,1.0,3.0,0.0,104.0,45.0,18.0,57.0,1.825,1.0,1.0,2.0,95.0,61.0,15.0,62.0,1.532,2.0,4.0,1.0,105.0,50.0,15.0,75.0,1.4,4.0,1.0,4.0,101.0,61.0,16.0,80.0,1.262,11.0,6.0,9.0,145.0,74.0,16.0,116.0,1.25,4.0,7.0,9.0,165.0,67.0,18.0,122.0,1.352,4.0,6.0,8.0,173.0,68.0,18.0,128.0,1.352,7.0,11.0,6.0,68.0,36.0,10.0,59.0,1.153,False,False,False,False,False,False,False,False,False,False,False,False,False,False,False,False,False,False,False,False,False,False,False,False,False,False,False,False,False,False,False,False,False,False,False,False,False,False,False,False,False,False,False,False,False,False,False,False,False,False,False,False,False,False,False,False,False,False,False,False,False,False,False,False,False,False,False,False,False,False,False,False,False,False,False,False,False,False,False,False,False,False,False,False,False,False,False,False,False,False,False,False,False,False,False,True,False,False,False,False,False,False,False,False,False,False,False,False,False,False,False,False,False,False,False,False,False,False,False,False,False,False,False,False,False,False,False
19,2028,DEN,3,1,6,4,2,7,5,4,8,12,7,21,0,2.0,2.0,5.0,128.0,73.0,24.0,60.0,2.133,3.0,4.0,4.0,108.0,51.0,19.0,63.0,1.714,2.0,6.0,7.0,117.0,41.0,16.0,67.0,1.746,2.0,4.0,3.0,113.0,48.0,17.0,69.0,1.638,2.0,2.0,3.0,84.0,20.0,16.0,62.0,1.355,2.0,3.0,1.0,97.0,44.0,16.0,55.0,1.764,4.0,1.0,1.0,119.0,65.0,14.0,66.0,1.803,1.0,1.0,4.0,109.0,33.0,14.0,67.0,1.627,2.0,1.0,1.0,78.0,21.0,15.0,73.0,1.068,False,False,False,False,False,False,False,False,False,False,False,False,False,False,False,False,False,False,False,False,False,False,False,False,False,False,False,False,True,False,False,False,False,False,False,False,False,False,False,False,False,False,False,False,False,False,False,False,False,False,False,False,False,False,False,False,False,False,False,False,False,False,False,False,False,False,False,False,False,False,False,False,False,False,False,False,False,False,False,False,False,False,False,False,False,False,False,False,False,False,False,False,False,False,False,False,False,False,False,False,False,False,False,False,False,False,False,False,False,False,False,False,False,False,False,False,False,False,False,False,False,False,False,False,False,False,False
54,2028,NOR,4,2,8,4,2,7,3,2,6,11,6,21,0,4.0,1.0,3.0,109.0,53.0,21.0,58.0,1.879,4.0,2.0,2.0,93.0,34.0,18.0,60.0,1.55,0.0,0.0,4.0,62.0,33.0,13.0,53.0,1.17,2.0,1.0,1.0,61.0,28.0,15.0,46.0,1.326,3.0,5.0,1.0,84.0,54.0,15.0,49.0,1.714,4.0,3.0,3.0,93.0,49.0,15.0,54.0,1.722,2.0,2.0,3.0,97.0,55.0,16.0,65.0,1.492,2.0,4.0,1.0,83.0,32.0,17.0,64.0,1.297,2.0,3.0,0.0,69.0,25.0,11.0,42.0,1.643,False,False,False,False,False,False,False,False,False,False,False,False,False,False,False,False,False,False,False,False,False,False,False,False,False,False,False,False,False,False,False,False,False,False,False,False,False,False,False,False,False,False,False,False,False,False,False,False,False,False,False,False,False,False,False,False,False,False,False,False,False,False,False,False,False,False,False,False,False,False,False,False,False,False,False,False,False,False,False,False,False,False,False,True,False,False,False,False,False,False,False,False,False,False,False,False,False,False,False,False,False,False,False,False,False,False,False,False,False,False,False,False,False,False,False,False,False,False,False,False,False,False,False,False,False,False,False
41,2028,KAZ,3,0,7,3,0,7,5,0,8,11,0,22,0,1.0,3.0,3.0,79.0,25.0,23.0,82.0,0.963,0.0,0.0,8.0,97.0,33.0,25.0,82.0,1.183,2.0,5.0,10.0,101.0,46.0,19.0,98.0,1.031,3.0,2.0,6.0,113.0,40.0,19.0,106.0,1.066,2.0,3.0,4.0,130.0,70.0,19.0,106.0,1.226,3.0,4.0,0.0,130.0,44.0,17.0,104.0,1.25,3.0,4.0,4.0,96.0,24.0,14.0,99.0,0.97,0.0,0.0,0.0,0.0,0.0,0.0,0.0,0.0,0.0,0.0,0.0,0.0,0.0,0.0,0.0,0.0,False,False,False,False,False,False,False,False,False,False,False,False,False,False,False,False,False,False,False,False,False,False,False,False,False,False,False,False,False,False,False,False,False,False,False,False,False,False,False,False,False,False,False,False,False,False,False,False,False,False,False,False,False,False,False,False,False,False,False,False,False,True,False,False,False,False,False,False,False,False,False,False,False,False,False,False,False,False,False,False,False,False,False,False,False,False,False,False,False,False,False,False,False,False,False,False,False,False,False,False,False,False,False,False,False,False,False,False,False,False,False,False,False,False,False,False,False,False,False,False,False,False,False,False,False,False,False
69,2028,SUI,2,0,5,4,2,7,4,2,6,10,4,18,0,1.0,2.0,5.0,137.0,66.0,22.0,94.0,1.457,3.0,4.0,6.0,116.0,57.0,25.0,96.0,1.208,3.0,2.0,2.0,102.0,45.0,17.0,80.0,1.275,2.0,2.0,0.0,98.0,28.0,19.0,71.0,1.38,2.0,1.0,4.0,83.0,36.0,20.0,75.0,1.107,1.0,6.0,2.0,102.0,38.0,19.0,82.0,1.244,4.0,3.0,0.0,115.0,43.0,17.0,83.0,1.386,1.0,0.0,0.0,102.0,29.0,17.0,80.0,1.275,0.0,2.0,2.0,99.0,27.0,17.0,83.0,1.193,False,False,False,False,False,False,False,False,False,False,False,False,False,False,False,False,False,False,False,False,False,False,False,False,False,False,False,False,False,False,False,False,False,False,False,False,False,False,False,False,False,False,False,False,False,False,False,False,False,False,False,False,False,False,False,False,False,False,False,False,False,False,False,False,False,False,False,False,False,False,False,False,False,False,False,False,False,False,False,False,False,False,False,False,False,False,False,False,False,False,False,False,False,False,False,False,False,False,False,False,False,False,False,True,False,False,False,False,False,False,False,False,False,False,False,False,False,False,False,False,False,False,False,False,False,False,False
7,2028,BEL,2,1,6,4,2,8,4,2,6,10,5,20,0,3.0,1.0,6.0,177.0,88.0,25.0,93.0,1.903,3.0,1.0,3.0,130.0,58.0,25.0,77.0,1.688,2.0,2.0,2.0,104.0,34.0,19.0,74.0,1.405,0.0,1.0,2.0,111.0,42.0,16.0,71.0,1.563,2.0,0.0,0.0,94.0,17.0,16.0,55.0,1.709,0.0,2.0,3.0,68.0,32.0,16.0,64.0,1.062,2.0,2.0,2.0,61.0,20.0,14.0,55.0,1.109,0.0,1.0,2.0,68.0,25.0,18.0,70.0,0.971,0.0,0.0,2.0,59.0,24.0,16.0,65.0,0.908,False,False,False,False,False,False,False,False,False,False,False,True,False,False,False,False,False,False,False,False,False,False,False,False,False,False,False,False,False,False,False,False,False,False,False,False,False,False,False,False,False,False,False,False,False,False,False,False,False,False,False,False,False,False,False,False,False,False,False,False,False,False,False,False,False,False,False,False,False,False,False,False,False,False,False,False,False,False,False,False,False,False,False,False,False,False,False,False,False,False,False,False,False,False,False,False,False,False,False,False,False,False,False,False,False,False,False,False,False,False,False,False,False,False,False,False,False,False,False,False,False,False,False,False,False,False,False
80,2028,UZB,3,1,5,2,1,5,4,2,6,9,4,16,0,8.0,2.0,3.0,88.0,31.0,17.0,68.0,1.294,3.0,0.0,2.0,67.0,30.0,16.0,69.0,0.971,4.0,2.0,7.0,70.0,23.0,15.0,69.0,1.014,0.0,0.0,3.0,53.0,17.0,14.0,52.0,1.019,0.0,1.0,3.0,56.0,15.0,14.0,67.0,0.836,1.0,1.0,2.0,70.0,18.0,12.0,69.0,1.014,0.0,1.0,1.0,71.0,8.0,12.0,70.0,1.014,0.0,0.0,0.0,0.0,0.0,0.0,0.0,0.0,0.0,0.0,0.0,0.0,0.0,0.0,0.0,0.0,False,False,False,False,False,False,False,False,False,False,False,False,False,False,False,False,False,False,False,False,False,False,False,False,False,False,False,False,False,False,False,False,False,False,False,False,False,False,False,False,False,False,False,False,False,False,False,False,False,False,False,False,False,False,False,False,False,False,False,False,False,False,False,False,False,False,False,False,False,False,False,False,False,False,False,False,False,False,False,False,False,False,False,False,False,False,False,False,False,False,False,False,False,False,False,False,False,False,False,False,False,False,False,False,False,False,False,False,False,False,False,False,False,False,False,False,False,False,False,False,False,True,False,False,False,False,False
10,2028,BUL,3,0,7,4,0,8,1,0,3,8,0,18,0,3.0,1.0,3.0,46.0,25.0,16.0,53.0,0.868,3.0,1.0,2.0,42.0,28.0,13.0,45.0,0.933,0.0,1.0,2.0,50.0,22.0,14.0,51.0,0.98,0.0,2.0,1.0,63.0,26.0,17.0,56.0,1.125,1.0,1.0,3.0,70.0,27.0,15.0,60.0,1.167,5.0,6.0,2.0,91.0,39.0,16.0,85.0,1.071,3.0,7.0,5.0,108.0,36.0,17.0,89.0,1.213,3.0,7.0,6.0,136.0,51.0,19.0,116.0,1.172,10.0,12.0,13.0,172.0,68.0,16.0,120.0,1.433,False,False,False,False,False,False,False,False,False,False,False,False,False,False,False,False,False,True,False,False,False,False,False,False,False,False,False,False,False,False,False,False,False,False,False,False,False,False,False,False,False,False,False,False,False,False,False,False,False,False,False,False,False,False,False,False,False,False,False,False,False,False,False,False,False,False,False,False,False,False,False,False,False,False,False,False,False,False,False,False,False,False,False,False,False,False,False,False,False,False,False,False,False,False,False,False,False,False,False,False,False,False,False,False,False,False,False,False,False,False,False,False,False,False,False,False,False,False,False,False,False,False,False,False,False,False,False
6,2028,AZE,2,0,4,2,0,5,4,1,6,8,1,15,0,2.0,2.0,3.0,48.0,20.0,15.0,41.0,1.171,0.0,3.0,4.0,44.0,16.0,14.0,51.0,0.863,1.0,7.0,10.0,56.0,14.0,15.0,62.0,0.903,2.0,2.0,5.0,52.0,14.0,15.0,57.0,0.912,1.0,1.0,4.0,44.0,14.0,10.0,37.0,1.189,2.0,0.0,1.0,31.0,6.0,8.0,32.0,0.969,0.0,1.0,0.0,23.0,3.0,9.0,23.0,1.0,0.0,0.0,0.0,0.0,0.0,0.0,0.0,0.0,0.0,0.0,0.0,0.0,0.0,0.0,0.0,0.0,False,False,False,False,False,False,False,False,True,False,False,False,False,False,False,False,False,False,False,False,False,False,False,False,False,False,False,False,False,False,False,False,False,False,False,False,False,False,False,False,False,False,False,False,False,False,False,False,False,False,False,False,False,False,False,False,False,False,False,False,False,False,False,False,False,False,False,False,False,False,False,False,False,False,False,False,False,False,False,False,False,False,False,False,False,False,False,False,False,False,False,False,False,False,False,False,False,False,False,False,False,False,False,False,False,False,False,False,False,False,False,False,False,False,False,False,False,False,False,False,False,False,False,False,False,False,False
42,2028,KEN,3,0,5,3,0,5,2,1,5,8,1,15,0,4.0,2.0,5.0,74.0,34.0,6.0,24.0,3.083,4.0,4.0,2.0,87.0,49.0,7.0,26.0,3.346,6.0,6.0,1.0,79.0,33.0,7.0,29.0,2.724,2.0,4.0,7.0,47.0,20.0,4.0,23.0,2.043,6.0,4.0,6.0,46.0,18.0,5.0,24.0,1.917,2.0,3.0,2.0,56.0,22.0,6.0,24.0,2.333,1.0,4.0,3.0,52.0,10.0,5.0,27.0,1.926,2.0,4.0,2.0,49.0,9.0,5.0,29.0,1.69,5.0,2.0,2.0,74.0,4.0,7.0,50.0,1.48,False,False,False,False,False,False,False,False,False,False,False,False,False,False,False,False,False,False,False,False,False,False,False,False,False,False,False,False,False,False,False,False,False,False,False,False,False,False,False,False,False,False,False,False,False,False,False,False,False,False,False,False,False,False,False,False,False,False,False,False,False,False,True,False,False,False,False,False,False,False,False,False,False,False,False,False,False,False,False,False,False,False,False,False,False,False,False,False,False,False,False,False,False,False,False,False,False,False,False,False,False,False,False,False,False,False,False,False,False,False,False,False,False,False,False,False,False,False,False,False,False,False,False,False,False,False,False
66,2028,RSA,2,0,4,2,1,5,3,1,5,7,2,14,0,1.0,3.0,2.0,141.0,63.0,24.0,66.0,2.136,1.0,2.0,0.0,181.0,62.0,23.0,73.0,2.479,2.0,6.0,2.0,135.0,42.0,15.0,70.0,1.929,4.0,1.0,1.0,124.0,56.0,17.0,65.0,1.908,0.0,1.0,0.0,134.0,59.0,20.0,89.0,1.506,0.0,2.0,3.0,127.0,38.0,17.0,68.0,1.868,3.0,1.0,1.0,84.0,20.0,14.0,62.0,1.355,0.0,2.0,0.0,93.0,25.0,19.0,87.0,1.069,0.0,0.0,4.0,50.0,6.0,10.0,50.0,1.0,False,False,False,False,False,False,False,False,False,False,False,False,False,False,False,False,False,False,False,False,False,False,False,False,False,False,False,False,False,False,False,False,False,False,False,False,False,False,False,False,False,False,False,False,False,False,False,False,False,False,False,False,False,False,False,False,False,False,False,False,False,False,False,False,False,False,False,False,False,False,False,False,False,False,False,False,False,False,False,False,False,False,False,False,False,False,False,False,False,False,False,False,False,False,False,False,True,False,False,False,False,False,False,False,False,False,False,False,False,False,False,False,False,False,False,False,False,False,False,False,False,False,False,False,False,False,False
76,2028,TUR,2,1,5,2,0,4,3,0,4,7,1,13,0,0.0,3.0,5.0,101.0,54.0,19.0,85.0,1.188,2.0,2.0,9.0,107.0,50.0,18.0,94.0,1.138,1.0,3.0,4.0,100.0,47.0,21.0,88.0,1.136,1.0,1.0,1.0,112.0,64.0,16.0,80.0,1.4,1.0,1.0,3.0,67.0,19.0,12.0,67.0,1.0,3.0,0.0,2.0,57.0,15.0,10.0,58.0,0.983,4.0,1.0,1.0,53.0,9.0,9.0,55.0,0.964,2.0,2.0,2.0,41.0,5.0,10.0,43.0,0.953,1.0,1.0,0.0,41.0,5.0,9.0,40.0,1.025,False,False,False,False,False,False,False,False,False,False,False,False,False,False,False,False,False,False,False,False,False,False,False,False,False,False,False,False,False,False,False,False,False,False,False,False,False,False,False,False,False,False,False,False,False,False,False,False,False,False,False,False,False,False,False,False,False,False,False,False,False,False,False,False,False,False,False,False,False,False,False,False,False,False,False,False,False,False,False,False,False,False,False,False,False,False,False,False,False,False,False,False,False,False,False,False,False,False,False,False,False,False,False,False,False,False,False,False,False,False,False,False,False,False,False,False,True,False,False,False,False,False,False,False,False,False,False
68,2028,SRB,2,1,4,2,1,5,2,1,4,6,3,13,0,3.0,1.0,1.0,114.0,44.0,16.0,47.0,2.426,3.0,1.0,5.0,87.0,44.0,16.0,47.0,1.851,2.0,4.0,2.0,103.0,45.0,14.0,56.0,1.839,1.0,1.0,2.0,116.0,36.0,15.0,55.0,2.109,0.0,1.0,2.0,87.0,24.0,11.0,42.0,2.071,0.0,0.0,0.0,0.0,0.0,0.0,0.0,0.0,0.0,0.0,0.0,0.0,0.0,0.0,0.0,0.0,0.0,0.0,0.0,0.0,0.0,0.0,0.0,0.0,0.0,0.0,0.0,0.0,0.0,0.0,0.0,0.0,False,False,False,False,False,False,False,False,False,False,False,False,False,False,False,False,False,False,False,False,False,False,False,False,False,False,False,False,False,False,False,False,False,False,False,False,False,False,False,False,False,False,False,False,False,False,False,False,False,False,False,False,False,False,False,False,False,False,False,False,False,False,False,False,False,False,False,False,False,False,False,False,False,False,False,False,False,False,False,False,False,False,False,False,False,False,False,False,False,False,False,False,False,False,False,False,False,False,False,False,False,False,True,False,False,False,False,False,False,False,False,False,False,False,False,False,False,False,False,False,False,False,False,False,False,False,False
35,2028,IRL,2,1,4,2,1,5,2,1,4,6,3,13,0,4.0,0.0,3.0,143.0,69.0,17.0,75.0,1.907,2.0,0.0,2.0,125.0,59.0,20.0,76.0,1.645,0.0,2.0,0.0,76.0,26.0,14.0,57.0,1.333,1.0,1.0,4.0,64.0,28.0,14.0,54.0,1.185,0.0,1.0,2.0,55.0,16.0,12.0,43.0,1.279,0.0,1.0,0.0,64.0,24.0,10.0,52.0,1.231,3.0,0.0,1.0,78.0,16.0,13.0,70.0,1.114,1.0,1.0,0.0,58.0,9.0,12.0,47.0,1.234,0.0,1.0,0.0,42.0,14.0,10.0,35.0,1.2,False,False,False,False,False,False,False,False,False,False,False,False,False,False,False,False,False,False,False,False,False,False,False,False,False,False,False,False,False,False,False,False,False,False,False,False,False,False,False,False,False,False,False,False,False,False,False,False,False,False,False,False,False,False,True,False,False,False,False,False,False,False,False,False,False,False,False,False,False,False,False,False,False,False,False,False,False,False,False,False,False,False,False,False,False,False,False,False,False,False,False,False,False,False,False,False,False,False,False,False,False,False,False,False,False,False,False,False,False,False,False,False,False,False,False,False,False,False,False,False,False,False,False,False,False,False,False
25,2028,ETH,2,1,5,1,0,3,2,0,4,5,1,12,0,1.0,3.0,0.0,33.0,17.0,2.0,13.0,2.538,1.0,1.0,2.0,37.0,20.0,4.0,15.0,2.467,1.0,2.0,5.0,37.0,20.0,3.0,16.0,2.312,3.0,2.0,3.0,33.0,15.0,2.0,14.0,2.357,4.0,2.0,1.0,27.0,13.0,1.0,10.0,2.7,4.0,1.0,3.0,26.0,11.0,2.0,11.0,2.364,2.0,0.0,1.0,18.0,8.0,2.0,10.0,1.8,1.0,0.0,2.0,20.0,6.0,2.0,11.0,1.818,0.0,0.0,2.0,31.0,0.0,3.0,20.0,1.55,False,False,False,False,False,False,False,False,False,False,False,False,False,False,False,False,False,False,False,False,False,False,False,False,False,False,False,False,False,False,False,False,False,False,False,False,True,False,False,False,False,False,False,False,False,False,False,False,False,False,False,False,False,False,False,False,False,False,False,False,False,False,False,False,False,False,False,False,False,False,False,False,False,False,False,False,False,False,False,False,False,False,False,False,False,False,False,False,False,False,False,False,False,False,False,False,False,False,False,False,False,False,False,False,False,False,False,False,False,False,False,False,False,False,False,False,False,False,False,False,False,False,False,False,False,False,False
38,2028,JAM,2,1,4,2,1,4,1,0,3,5,2,11,0,1.0,3.0,2.0,65.0,32.0,4.0,31.0,2.097,4.0,1.0,4.0,61.0,32.0,6.0,32.0,1.906,6.0,3.0,2.0,56.0,31.0,4.0,32.0,1.75,4.0,5.0,4.0,45.0,22.0,4.0,25.0,1.8,5.0,4.0,2.0,50.0,27.0,4.0,29.0,1.724,0.0,6.0,3.0,48.0,26.0,4.0,28.0,1.714,1.0,3.0,2.0,46.0,19.0,5.0,29.0,1.586,0.0,3.0,1.0,36.0,14.0,5.0,23.0,1.565,0.0,2.0,0.0,35.0,11.0,5.0,22.0,1.591,False,False,False,False,False,False,False,False,False,False,False,False,False,False,False,False,False,False,False,False,False,False,False,False,False,False,False,False,False,False,False,False,False,False,False,False,False,False,False,False,False,False,False,False,False,False,False,False,False,False,False,False,False,False,False,False,False,False,True,False,False,False,False,False,False,False,False,False,False,False,False,False,False,False,False,False,False,False,False,False,False,False,False,False,False,False,False,False,False,False,False,False,False,False,False,False,False,False,False,False,False,False,False,False,False,False,False,False,False,False,False,False,False,False,False,False,False,False,False,False,False,False,False,False,False,False,False
47,2028,LTU,1,0,3,1,0,3,2,0,4,4,0,10,0,0.0,2.0,2.0,51.0,24.0,14.0,42.0,1.214,0.0,1.0,0.0,42.0,16.0,13.0,46.0,0.913,0.0,1.0,3.0,67.0,19.0,15.0,49.0,1.367,2.0,0.0,3.0,62.0,23.0,14.0,54.0,1.148,0.0,3.0,2.0,71.0,27.0,16.0,54.0,1.315,2.0,0.0,3.0,61.0,21.0,15.0,50.0,1.22,0.0,0.0,1.0,61.0,16.0,14.0,49.0,1.245,1.0,0.0,1.0,47.0,11.0,11.0,31.0,1.516,0.0,0.0,0.0,0.0,0.0,0.0,0.0,0.0,False,False,False,False,False,False,False,False,False,False,False,False,False,False,False,False,False,False,False,False,False,False,False,False,False,False,False,False,False,False,False,False,False,False,False,False,False,False,False,False,False,False,False,False,False,False,False,False,False,False,False,False,False,False,False,False,False,False,False,False,False,False,False,False,False,False,False,False,False,False,True,False,False,False,False,False,False,False,False,False,False,False,False,False,False,False,False,False,False,False,False,False,False,False,False,False,False,False,False,False,False,False,False,False,False,False,False,False,False,False,False,False,False,False,False,False,False,False,False,False,False,False,False,False,False,False,False
46,2028,LCA,2,1,4,1,1,3,1,1,3,4,3,10,0,1.0,1.0,0.0,4.0,1.0,3.0,5.0,0.8,0.0,0.0,0.0,0.0,0.0,0.0,0.0,0.0,0.0,0.0,0.0,0.0,0.0,0.0,0.0,0.0,0.0,0.0,0.0,0.0,0.0,0.0,0.0,0.0,0.0,0.0,0.0,0.0,0.0,0.0,0.0,0.0,0.0,0.0,0.0,0.0,0.0,0.0,0.0,0.0,0.0,0.0,0.0,0.0,0.0,0.0,0.0,0.0,0.0,0.0,0.0,0.0,0.0,0.0,0.0,0.0,0.0,0.0,0.0,0.0,0.0,0.0,0.0,0.0,False,False,False,False,False,False,False,False,False,False,False,False,False,False,False,False,False,False,False,False,False,False,False,False,False,False,False,False,False,False,False,False,False,False,False,False,False,False,False,False,False,False,False,False,False,False,False,False,False,False,False,False,False,False,False,False,False,False,False,False,False,False,False,False,False,False,False,False,False,True,False,False,False,False,False,False,False,False,False,False,False,False,False,False,False,False,False,False,False,False,False,False,False,False,False,False,False,False,False,False,False,False,False,False,False,False,False,False,False,False,False,False,False,False,False,False,False,False,False,False,False,False,False,False,False,False,False
1,2028,ALG,1,0,3,1,0,2,2,0,3,4,0,8,0,2.0,0.0,1.0,46.0,19.0,15.0,47.0,0.979,0.0,2.0,0.0,64.0,10.0,13.0,48.0,1.333,1.0,0.0,0.0,38.0,17.0,12.0,29.0,1.31,0.0,1.0,1.0,56.0,22.0,12.0,44.0,1.273,1.0,1.0,3.0,47.0,10.0,10.0,42.0,1.119,2.0,0.0,1.0,45.0,6.0,9.0,29.0,1.552,1.0,0.0,1.0,35.0,2.0,7.0,27.0,1.296,0.0,0.0,2.0,33.0,0.0,4.0,17.0,1.941,0.0,0.0,0.0,0.0,0.0,0.0,0.0,0.0,False,False,True,False,False,False,False,False,False,False,False,False,False,False,False,False,False,False,False,False,False,False,False,False,False,False,False,False,False,False,False,False,False,False,False,False,False,False,False,False,False,False,False,False,False,False,False,False,False,False,False,False,False,False,False,False,False,False,False,False,False,False,False,False,False,False,False,False,False,False,False,False,False,False,False,False,False,False,False,False,False,False,False,False,False,False,False,False,False,False,False,False,False,False,False,False,False,False,False,False,False,False,False,False,False,False,False,False,False,False,False,False,False,False,False,False,False,False,False,False,False,False,False,False,False,False,False
0,2028,ALB,1,1,4,1,1,3,2,1,3,4,3,10,0,0.0,0.0,2.0,8.0,3.0,4.0,9.0,0.889,0.0,0.0,0.0,0.0,0.0,0.0,0.0,0.0,0.0,0.0,0.0,0.0,0.0,0.0,0.0,0.0,0.0,0.0,0.0,0.0,0.0,0.0,0.0,0.0,0.0,0.0,0.0,0.0,0.0,0.0,0.0,0.0,0.0,0.0,0.0,0.0,0.0,0.0,0.0,0.0,0.0,0.0,0.0,0.0,0.0,0.0,0.0,0.0,0.0,0.0,0.0,0.0,0.0,0.0,0.0,0.0,0.0,0.0,0.0,0.0,0.0,0.0,0.0,0.0,False,True,False,False,False,False,False,False,False,False,False,False,False,False,False,False,False,False,False,False,False,False,False,False,False,False,False,False,False,False,False,False,False,False,False,False,False,False,False,False,False,False,False,False,False,False,False,False,False,False,False,False,False,False,False,False,False,False,False,False,False,False,False,False,False,False,False,False,False,False,False,False,False,False,False,False,False,False,False,False,False,False,False,False,False,False,False,False,False,False,False,False,False,False,False,False,False,False,False,False,False,False,False,False,False,False,False,False,False,False,False,False,False,False,False,False,False,False,False,False,False,False,False,False,False,False,False
34,2028,IND,1,0,3,1,0,3,2,0,3,4,0,9,0,0.0,1.0,5.0,112.0,46.0,16.0,63.0,1.778,1.0,2.0,4.0,126.0,56.0,18.0,72.0,1.75,0.0,1.0,1.0,112.0,51.0,15.0,67.0,1.672,0.0,2.0,4.0,81.0,23.0,13.0,55.0,1.473,1.0,0.0,2.0,53.0,22.0,12.0,48.0,1.104,0.0,0.0,1.0,65.0,21.0,13.0,38.0,1.711,0.0,0.0,1.0,49.0,9.0,13.0,31.0,1.581,0.0,0.0,1.0,41.0,1.0,7.0,27.0,1.519,0.0,0.0,1.0,23.0,0.0,5.0,11.0,2.091,False,False,False,False,False,False,False,False,False,False,False,False,False,False,False,False,False,False,False,False,False,False,False,False,False,False,False,False,False,False,False,False,False,False,False,False,False,False,False,False,False,False,False,False,False,False,False,False,False,False,False,False,True,False,False,False,False,False,False,False,False,False,False,False,False,False,False,False,False,False,False,False,False,False,False,False,False,False,False,False,False,False,False,False,False,False,False,False,False,False,False,False,False,False,False,False,False,False,False,False,False,False,False,False,False,False,False,False,False,False,False,False,False,False,False,False,False,False,False,False,False,False,False,False,False,False,False
36,2028,ISR,1,0,3,1,0,3,2,0,3,4,0,9,0,1.0,5.0,1.0,89.0,33.0,20.0,68.0,1.309,2.0,0.0,2.0,90.0,35.0,19.0,68.0,1.324,0.0,0.0,2.0,47.0,25.0,16.0,45.0,1.044,0.0,0.0,1.0,43.0,20.0,12.0,47.0,0.915,0.0,0.0,1.0,39.0,10.0,9.0,43.0,0.907,0.0,0.0,1.0,25.0,7.0,10.0,26.0,0.962,0.0,1.0,1.0,30.0,5.0,10.0,42.0,0.714,0.0,0.0,0.0,0.0,0.0,0.0,0.0,0.0,0.0,0.0,0.0,0.0,0.0,0.0,0.0,0.0,False,False,False,False,False,False,False,False,False,False,False,False,False,False,False,False,False,False,False,False,False,False,False,False,False,False,False,False,False,False,False,False,False,False,False,False,False,False,False,False,False,False,False,False,False,False,False,False,False,False,False,False,False,False,False,False,True,False,False,False,False,False,False,False,False,False,False,False,False,False,False,False,False,False,False,False,False,False,False,False,False,False,False,False,False,False,False,False,False,False,False,False,False,False,False,False,False,False,False,False,False,False,False,False,False,False,False,False,False,False,False,False,False,False,False,False,False,False,False,False,False,False,False,False,False,False,False
28,2028,GEO,1,0,2,1,0,3,2,0,4,4,0,9,0,3.0,3.0,1.0,28.0,7.0,9.0,30.0,0.933,2.0,5.0,1.0,35.0,6.0,11.0,35.0,1.0,2.0,1.0,4.0,40.0,10.0,12.0,40.0,1.0,1.0,2.0,3.0,34.0,6.0,10.0,35.0,0.971,3.0,2.0,2.0,35.0,8.0,11.0,35.0,1.0,0.0,0.0,6.0,36.0,9.0,12.0,41.0,0.878,0.0,0.0,2.0,34.0,7.0,13.0,39.0,0.872,0.0,0.0,0.0,0.0,0.0,0.0,0.0,0.0,0.0,0.0,0.0,0.0,0.0,0.0,0.0,0.0,False,False,False,False,False,False,False,False,False,False,False,False,False,False,False,False,False,False,False,False,False,False,False,False,False,False,False,False,False,False,False,False,False,False,False,False,False,False,False,False,False,False,False,False,True,False,False,False,False,False,False,False,False,False,False,False,False,False,False,False,False,False,False,False,False,False,False,False,False,False,False,False,False,False,False,False,False,False,False,False,False,False,False,False,False,False,False,False,False,False,False,False,False,False,False,False,False,False,False,False,False,False,False,False,False,False,False,False,False,False,False,False,False,False,False,False,False,False,False,False,False,False,False,False,False,False,False
20,2028,DMA,2,1,4,1,1,4,1,1,3,4,3,11,0,1.0,0.0,0.0,4.0,2.0,2.0,4.0,1.0,0.0,0.0,0.0,0.0,0.0,0.0,0.0,0.0,0.0,0.0,0.0,0.0,0.0,0.0,0.0,0.0,0.0,0.0,0.0,0.0,0.0,0.0,0.0,0.0,0.0,0.0,0.0,0.0,0.0,0.0,0.0,0.0,0.0,0.0,0.0,0.0,0.0,0.0,0.0,0.0,0.0,0.0,0.0,0.0,0.0,0.0,0.0,0.0,0.0,0.0,0.0,0.0,0.0,0.0,0.0,0.0,0.0,0.0,0.0,0.0,0.0,0.0,0.0,0.0,False,False,False,False,False,False,False,False,False,False,False,False,False,False,False,False,False,False,False,False,False,False,False,False,False,False,False,False,False,False,True,False,False,False,False,False,False,False,False,False,False,False,False,False,False,False,False,False,False,False,False,False,False,False,False,False,False,False,False,False,False,False,False,False,False,False,False,False,False,False,False,False,False,False,False,False,False,False,False,False,False,False,False,False,False,False,False,False,False,False,False,False,False,False,False,False,False,False,False,False,False,False,False,False,False,False,False,False,False,False,False,False,False,False,False,False,False,False,False,False,False,False,False,False,False,False,False
30,2028,GRE,1,0,4,2,0,5,1,0,3,4,0,12,0,1.0,1.0,6.0,100.0,41.0,17.0,54.0,1.852,2.0,1.0,1.0,82.0,36.0,20.0,58.0,1.414,3.0,1.0,2.0,92.0,36.0,16.0,65.0,1.415,0.0,0.0,2.0,102.0,37.0,20.0,76.0,1.342,0.0,2.0,1.0,152.0,70.0,23.0,105.0,1.448,4.0,6.0,3.0,140.0,58.0,23.0,114.0,1.228,4.0,4.0,0.0,121.0,34.0,18.0,94.0,1.287,2.0,0.0,0.0,70.0,14.0,17.0,53.0,1.321,0.0,0.0,1.0,56.0,12.0,12.0,43.0,1.302,False,False,False,False,False,False,False,False,False,False,False,False,False,False,False,False,False,False,False,False,False,False,False,False,False,False,False,False,False,False,False,False,False,False,False,False,False,False,False,False,False,False,False,False,False,False,False,True,False,False,False,False,False,False,False,False,False,False,False,False,False,False,False,False,False,False,False,False,False,False,False,False,False,False,False,False,False,False,False,False,False,False,False,False,False,False,False,False,False,False,False,False,False,False,False,False,False,False,False,False,False,False,False,False,False,False,False,False,False,False,False,False,False,False,False,False,False,False,False,False,False,False,False,False,False,False,False
75,2028,TUN,1,0,3,0,0,2,2,0,3,3,0,8,0,1.0,1.0,1.0,26.0,14.0,15.0,29.0,0.897,1.0,1.0,0.0,63.0,29.0,17.0,50.0,1.26,0.0,0.0,3.0,61.0,20.0,17.0,47.0,1.298,2.0,0.0,1.0,83.0,20.0,17.0,50.0,1.66,1.0,0.0,0.0,26.0,12.0,10.0,28.0,0.929,0.0,0.0,1.0,51.0,6.0,9.0,24.0,2.125,0.0,1.0,0.0,35.0,0.0,5.0,11.0,3.182,1.0,0.0,1.0,7.0,0.0,2.0,7.0,1.0,0.0,1.0,1.0,9.0,0.0,3.0,9.0,1.0,False,False,False,False,False,False,False,False,False,False,False,False,False,False,False,False,False,False,False,False,False,False,False,False,False,False,False,False,False,False,False,False,False,False,False,False,False,False,False,False,False,False,False,False,False,False,False,False,False,False,False,False,False,False,False,False,False,False,False,False,False,False,False,False,False,False,False,False,False,False,False,False,False,False,False,False,False,False,False,False,False,False,False,False,False,False,False,False,False,False,False,False,False,False,False,False,False,False,False,False,False,False,False,False,False,False,False,False,False,False,False,False,False,False,False,True,False,False,False,False,False,False,False,False,False,False,False
74,2028,TPE,0,0,3,1,0,3,2,0,4,3,0,10,0,2.0,0.0,5.0,60.0,34.0,17.0,47.0,1.277,2.0,4.0,6.0,68.0,35.0,18.0,61.0,1.115,1.0,0.0,2.0,55.0,29.0,18.0,46.0,1.196,1.0,0.0,1.0,44.0,25.0,14.0,40.0,1.1,1.0,1.0,2.0,79.0,36.0,15.0,41.0,1.927,0.0,1.0,4.0,55.0,34.0,14.0,59.0,0.932,0.0,1.0,0.0,74.0,42.0,14.0,63.0,1.175,0.0,1.0,0.0,31.0,8.0,7.0,15.0,2.067,0.0,0.0,1.0,38.0,7.0,12.0,40.0,0.95,False,False,False,False,False,False,False,False,False,False,False,False,False,False,False,False,False,False,False,False,False,False,False,False,False,False,False,False,False,False,False,False,False,False,False,False,False,False,False,False,False,False,False,False,False,False,False,False,False,False,False,False,False,False,False,False,False,False,False,False,False,False,False,False,False,False,False,False,False,False,False,False,False,False,False,False,False,False,False,False,False,False,False,False,False,False,False,False,False,False,False,False,False,False,False,False,False,False,False,False,False,False,False,False,False,False,False,False,False,False,False,False,False,True,False,False,False,False,False,False,False,False,False,False,False,False,False
23,2028,EGY,0,0,3,1,0,3,2,0,4,3,0,10,0,1.0,1.0,1.0,155.0,53.0,26.0,89.0,1.742,1.0,1.0,4.0,140.0,48.0,27.0,94.0,1.489,0.0,0.0,3.0,118.0,37.0,23.0,87.0,1.356,0.0,3.0,1.0,109.0,34.0,21.0,87.0,1.253,0.0,0.0,2.0,100.0,26.0,19.0,68.0,1.471,0.0,1.0,0.0,113.0,6.0,15.0,74.0,1.527,0.0,0.0,1.0,106.0,0.0,14.0,65.0,1.631,2.0,2.0,1.0,85.0,0.0,12.0,53.0,1.604,2.0,1.0,2.0,53.0,0.0,10.0,30.0,1.767,False,False,False,False,False,False,False,False,False,False,False,False,False,False,False,False,False,False,False,False,False,False,False,False,False,False,False,False,False,False,False,False,False,True,False,False,False,False,False,False,False,False,False,False,False,False,False,False,False,False,False,False,False,False,False,False,False,False,False,False,False,False,False,False,False,False,False,False,False,False,False,False,False,False,False,False,False,False,False,False,False,False,False,False,False,False,False,False,False,False,False,False,False,False,False,False,False,False,False,False,False,False,False,False,False,False,False,False,False,False,False,False,False,False,False,False,False,False,False,False,False,False,False,False,False,False,False
15,2028,CPV,1,1,4,1,1,3,1,1,3,3,3,10,0,0.0,0.0,1.0,7.0,3.0,5.0,7.0,1.0,0.0,0.0,0.0,0.0,0.0,0.0,0.0,0.0,0.0,0.0,0.0,0.0,0.0,0.0,0.0,0.0,0.0,0.0,0.0,0.0,0.0,0.0,0.0,0.0,0.0,0.0,0.0,0.0,0.0,0.0,0.0,0.0,0.0,0.0,0.0,0.0,0.0,0.0,0.0,0.0,0.0,0.0,0.0,0.0,0.0,0.0,0.0,0.0,0.0,0.0,0.0,0.0,0.0,0.0,0.0,0.0,0.0,0.0,0.0,0.0,0.0,0.0,0.0,0.0,False,False,False,False,False,False,False,False,False,False,False,False,False,False,False,False,False,False,False,False,False,False,False,True,False,False,False,False,False,False,False,False,False,False,False,False,False,False,False,False,False,False,False,False,False,False,False,False,False,False,False,False,False,False,False,False,False,False,False,False,False,False,False,False,False,False,False,False,False,False,False,False,False,False,False,False,False,False,False,False,False,False,False,False,False,False,False,False,False,False,False,False,False,False,False,False,False,False,False,False,False,False,False,False,False,False,False,False,False,False,False,False,False,False,False,False,False,False,False,False,False,False,False,False,False,False,False
31,2028,HKG,1,0,3,1,0,3,1,0,2,3,0,8,0,2.0,0.0,2.0,34.0,18.0,13.0,32.0,1.062,1.0,2.0,3.0,44.0,27.0,15.0,35.0,1.257,0.0,0.0,1.0,41.0,20.0,13.0,44.0,0.932,1.0,0.0,0.0,22.0,9.0,10.0,25.0,0.88,0.0,0.0,0.0,0.0,0.0,0.0,0.0,0.0,0.0,0.0,0.0,0.0,0.0,0.0,0.0,0.0,0.0,0.0,0.0,0.0,0.0,0.0,0.0,0.0,0.0,0.0,0.0,0.0,0.0,0.0,0.0,0.0,0.0,0.0,0.0,0.0,0.0,0.0,0.0,0.0,False,False,False,False,False,False,False,False,False,False,False,False,False,False,False,False,False,False,False,False,False,False,False,False,False,False,False,False,False,False,False,False,False,False,False,False,False,False,False,False,False,False,False,False,False,False,False,False,False,True,False,False,False,False,False,False,False,False,False,False,False,False,False,False,False,False,False,False,False,False,False,False,False,False,False,False,False,False,False,False,False,False,False,False,False,False,False,False,False,False,False,False,False,False,False,False,False,False,False,False,False,False,False,False,False,False,False,False,False,False,False,False,False,False,False,False,False,False,False,False,False,False,False,False,False,False,False
70,2028,SVK,1,0,2,1,0,3,1,0,2,3,0,7,0,0.0,0.0,1.0,28.0,14.0,13.0,31.0,0.903,1.0,2.0,1.0,41.0,14.0,14.0,42.0,0.976,2.0,2.0,0.0,51.0,19.0,12.0,49.0,1.041,0.0,1.0,3.0,47.0,21.0,11.0,52.0,0.904,3.0,3.0,0.0,57.0,22.0,14.0,54.0,1.056,1.0,3.0,1.0,108.0,27.0,16.0,63.0,1.714,1.0,1.0,1.0,71.0,13.0,14.0,69.0,1.029,0.0,0.0,0.0,0.0,0.0,0.0,0.0,0.0,0.0,0.0,0.0,0.0,0.0,0.0,0.0,0.0,False,False,False,False,False,False,False,False,False,False,False,False,False,False,False,False,False,False,False,False,False,False,False,False,False,False,False,False,False,False,False,False,False,False,False,False,False,False,False,False,False,False,False,False,False,False,False,False,False,False,False,False,False,False,False,False,False,False,False,False,False,False,False,False,False,False,False,False,False,False,False,False,False,False,False,False,False,False,False,False,False,False,False,False,False,False,False,False,False,False,False,False,False,False,False,False,False,False,False,False,False,False,False,False,False,True,False,False,False,False,False,False,False,False,False,False,False,False,False,False,False,False,False,False,False,False,False
72,2028,THA,1,0,2,1,0,2,1,0,2,3,0,6,0,1.0,3.0,2.0,52.0,28.0,18.0,45.0,1.156,1.0,0.0,1.0,41.0,26.0,15.0,33.0,1.242,2.0,2.0,2.0,54.0,28.0,15.0,45.0,1.2,0.0,2.0,2.0,37.0,18.0,15.0,37.0,1.0,2.0,2.0,2.0,47.0,25.0,12.0,43.0,1.093,1.0,0.0,2.0,52.0,18.0,11.0,51.0,1.02,1.0,0.0,1.0,37.0,12.0,10.0,42.0,0.881,0.0,0.0,1.0,46.0,23.0,9.0,47.0,0.979,0.0,0.0,1.0,14.0,2.0,4.0,12.0,1.167,False,False,False,False,False,False,False,False,False,False,False,False,False,False,False,False,False,False,False,False,False,False,False,False,False,False,False,False,False,False,False,False,False,False,False,False,False,False,False,False,False,False,False,False,False,False,False,False,False,False,False,False,False,False,False,False,False,False,False,False,False,False,False,False,False,False,False,False,False,False,False,False,False,False,False,False,False,False,False,False,False,False,False,False,False,False,False,False,False,False,False,False,False,False,False,False,False,False,False,False,False,False,False,False,False,False,False,False,False,True,False,False,False,False,False,False,False,False,False,False,False,False,False,False,False,False,False
64,2028,QAT,1,0,3,0,0,2,1,0,2,2,0,7,0,0.0,0.0,1.0,13.0,1.0,5.0,10.0,1.3,2.0,0.0,1.0,16.0,3.0,7.0,15.0,1.067,0.0,1.0,0.0,37.0,2.0,10.0,20.0,1.85,0.0,1.0,1.0,12.0,4.0,4.0,13.0,0.923,0.0,0.0,1.0,17.0,0.0,5.0,14.0,1.214,0.0,0.0,1.0,28.0,0.0,2.0,11.0,2.545,0.0,0.0,0.0,0.0,0.0,0.0,0.0,0.0,0.0,0.0,0.0,0.0,0.0,0.0,0.0,0.0,0.0,0.0,0.0,0.0,0.0,0.0,0.0,0.0,False,False,False,False,False,False,False,False,False,False,False,False,False,False,False,False,False,False,False,False,False,False,False,False,False,False,False,False,False,False,False,False,False,False,False,False,False,False,False,False,False,False,False,False,False,False,False,False,False,False,False,False,False,False,False,False,False,False,False,False,False,False,False,False,False,False,False,False,False,False,False,False,False,False,False,False,False,False,False,False,False,False,False,False,False,False,False,False,False,False,False,False,False,True,False,False,False,False,False,False,False,False,False,False,False,False,False,False,False,False,False,False,False,False,False,False,False,False,False,False,False,False,False,False,False,False,False
5,2028,AUT,0,0,2,1,0,3,1,0,3,2,0,8,0,2.0,0.0,3.0,84.0,37.0,26.0,76.0,1.105,1.0,1.0,5.0,76.0,39.0,24.0,70.0,1.086,0.0,0.0,1.0,71.0,34.0,23.0,61.0,1.164,0.0,1.0,2.0,70.0,30.0,16.0,62.0,1.129,2.0,1.0,0.0,92.0,37.0,17.0,68.0,1.353,0.0,1.0,2.0,72.0,16.0,15.0,53.0,1.358,0.0,2.0,0.0,102.0,31.0,17.0,68.0,1.5,1.0,0.0,0.0,73.0,7.0,17.0,62.0,1.177,1.0,1.0,1.0,102.0,31.0,18.0,72.0,1.417,False,False,False,False,False,False,False,True,False,False,False,False,False,False,False,False,False,False,False,False,False,False,False,False,False,False,False,False,False,False,False,False,False,False,False,False,False,False,False,False,False,False,False,False,False,False,False,False,False,False,False,False,False,False,False,False,False,False,False,False,False,False,False,False,False,False,False,False,False,False,False,False,False,False,False,False,False,False,False,False,False,False,False,False,False,False,False,False,False,False,False,False,False,False,False,False,False,False,False,False,False,False,False,False,False,False,False,False,False,False,False,False,False,False,False,False,False,False,False,False,False,False,False,False,False,False,False
62,2028,PRK,1,0,3,0,0,1,1,0,2,2,0,6,0,0.0,2.0,4.0,14.0,10.0,7.0,16.0,0.875,2.0,3.0,2.0,30.0,19.0,9.0,28.0,1.071,4.0,0.0,2.0,51.0,36.0,11.0,27.0,1.889,2.0,2.0,2.0,58.0,37.0,12.0,38.0,1.526,0.0,1.0,3.0,31.0,17.0,10.0,34.0,0.912,2.0,1.0,2.0,24.0,9.0,9.0,25.0,0.96,4.0,0.0,5.0,64.0,28.0,12.0,53.0,1.208,1.0,1.0,0.0,38.0,2.0,8.0,21.0,1.81,1.0,1.0,3.0,37.0,14.0,10.0,23.0,1.609,False,False,False,False,False,False,False,False,False,False,False,False,False,False,False,False,False,False,False,False,False,False,False,False,False,False,False,False,False,False,False,False,False,False,False,False,False,False,False,False,False,False,False,False,False,False,False,False,False,False,False,False,False,False,False,False,False,False,False,False,False,False,False,False,False,False,False,False,False,False,False,False,False,False,False,False,False,False,False,False,False,False,False,False,False,False,False,False,False,False,False,True,False,False,False,False,False,False,False,False,False,False,False,False,False,False,False,False,False,False,False,False,False,False,False,False,False,False,False,False,False,False,False,False,False,False,False
14,2028,COL,0,0,3,1,0,3,1,0,3,2,0,9,0,0.0,3.0,1.0,88.0,51.0,24.0,61.0,1.443,0.0,4.0,1.0,69.0,22.0,20.0,56.0,1.232,3.0,2.0,3.0,143.0,70.0,21.0,85.0,1.682,1.0,3.0,5.0,101.0,56.0,19.0,81.0,1.247,0.0,2.0,1.0,67.0,24.0,16.0,74.0,0.905,1.0,0.0,0.0,44.0,19.0,13.0,45.0,0.978,0.0,0.0,1.0,49.0,3.0,11.0,31.0,1.581,0.0,0.0,1.0,40.0,6.0,10.0,34.0,1.176,0.0,1.0,0.0,39.0,3.0,8.0,34.0,1.147,False,False,False,False,False,False,False,False,False,False,False,False,False,False,False,False,False,False,False,False,False,False,True,False,False,False,False,False,False,False,False,False,False,False,False,False,False,False,False,False,False,False,False,False,False,False,False,False,False,False,False,False,False,False,False,False,False,False,False,False,False,False,False,False,False,False,False,False,False,False,False,False,False,False,False,False,False,False,False,False,False,False,False,False,False,False,False,False,False,False,False,False,False,False,False,False,False,False,False,False,False,False,False,False,False,False,False,False,False,False,False,False,False,False,False,False,False,False,False,False,False,False,False,False,False,False,False
21,2028,DOM,0,0,1,1,0,3,1,0,2,2,0,6,0,1.0,0.0,2.0,59.0,25.0,13.0,27.0,2.185,0.0,3.0,2.0,66.0,24.0,11.0,31.0,2.129,0.0,0.0,1.0,26.0,8.0,11.0,22.0,1.182,1.0,1.0,0.0,33.0,20.0,10.0,21.0,1.571,1.0,1.0,0.0,24.0,6.0,9.0,21.0,1.143,0.0,0.0,1.0,19.0,4.0,7.0,20.0,0.95,0.0,0.0,0.0,0.0,0.0,0.0,0.0,0.0,0.0,0.0,0.0,0.0,0.0,0.0,0.0,0.0,0.0,0.0,0.0,0.0,0.0,0.0,0.0,0.0,False,False,False,False,False,False,False,False,False,False,False,False,False,False,False,False,False,False,False,False,False,False,False,False,False,False,False,False,False,False,False,True,False,False,False,False,False,False,False,False,False,False,False,False,False,False,False,False,False,False,False,False,False,False,False,False,False,False,False,False,False,False,False,False,False,False,False,False,False,False,False,False,False,False,False,False,False,False,False,False,False,False,False,False,False,False,False,False,False,False,False,False,False,False,False,False,False,False,False,False,False,False,False,False,False,False,False,False,False,False,False,False,False,False,False,False,False,False,False,False,False,False,False,False,False,False,False
61,2028,POR,0,0,2,1,0,3,1,0,3,2,0,8,0,1.0,2.0,1.0,75.0,37.0,19.0,65.0,1.154,1.0,1.0,2.0,93.0,36.0,22.0,65.0,1.431,0.0,0.0,1.0,90.0,29.0,17.0,61.0,1.475,0.0,1.0,0.0,76.0,32.0,14.0,75.0,1.013,1.0,1.0,0.0,77.0,26.0,16.0,65.0,1.185,0.0,0.0,2.0,61.0,13.0,13.0,50.0,1.22,1.0,0.0,1.0,106.0,23.0,18.0,79.0,1.342,1.0,0.0,0.0,65.0,10.0,14.0,59.0,1.102,1.0,0.0,2.0,38.0,9.0,11.0,32.0,1.188,False,False,False,False,False,False,False,False,False,False,False,False,False,False,False,False,False,False,False,False,False,False,False,False,False,False,False,False,False,False,False,False,False,False,False,False,False,False,False,False,False,False,False,False,False,False,False,False,False,False,False,False,False,False,False,False,False,False,False,False,False,False,False,False,False,False,False,False,False,False,False,False,False,False,False,False,False,False,False,False,False,False,False,False,False,False,False,False,False,False,True,False,False,False,False,False,False,False,False,False,False,False,False,False,False,False,False,False,False,False,False,False,False,False,False,False,False,False,False,False,False,False,False,False,False,False,False
22,2028,ECU,1,0,3,1,0,3,0,0,2,2,0,8,0,1.0,2.0,2.0,40.0,24.0,14.0,32.0,1.25,2.0,1.0,0.0,47.0,30.0,17.0,35.0,1.343,0.0,1.0,0.0,25.0,8.0,9.0,23.0,1.087,1.0,0.0,0.0,19.0,2.0,7.0,18.0,1.056,0.0,0.0,0.0,0.0,0.0,0.0,0.0,0.0,0.0,0.0,0.0,0.0,0.0,0.0,0.0,0.0,0.0,0.0,0.0,0.0,0.0,0.0,0.0,0.0,0.0,0.0,0.0,0.0,0.0,0.0,0.0,0.0,0.0,0.0,0.0,0.0,0.0,0.0,0.0,0.0,False,False,False,False,False,False,False,False,False,False,False,False,False,False,False,False,False,False,False,False,False,False,False,False,False,False,False,False,False,False,False,False,True,False,False,False,False,False,False,False,False,False,False,False,False,False,False,False,False,False,False,False,False,False,False,False,False,False,False,False,False,False,False,False,False,False,False,False,False,False,False,False,False,False,False,False,False,False,False,False,False,False,False,False,False,False,False,False,False,False,False,False,False,False,False,False,False,False,False,False,False,False,False,False,False,False,False,False,False,False,False,False,False,False,False,False,False,False,False,False,False,False,False,False,False,False,False
51,2028,MEX,0,0,3,1,0,3,1,0,3,2,0,9,0,0.0,3.0,2.0,108.0,63.0,29.0,83.0,1.301,0.0,0.0,4.0,162.0,65.0,31.0,87.0,1.862,0.0,3.0,2.0,122.0,44.0,27.0,80.0,1.525,1.0,3.0,4.0,99.0,37.0,23.0,75.0,1.32,2.0,0.0,2.0,83.0,40.0,23.0,73.0,1.137,1.0,2.0,3.0,78.0,26.0,19.0,67.0,1.164,0.0,0.0,1.0,97.0,27.0,19.0,57.0,1.702,0.0,1.0,0.0,102.0,26.0,18.0,71.0,1.437,0.0,0.0,2.0,81.0,17.0,17.0,82.0,0.988,False,False,False,False,False,False,False,False,False,False,False,False,False,False,False,False,False,False,False,False,False,False,False,False,False,False,False,False,False,False,False,False,False,False,False,False,False,False,False,False,False,False,False,False,False,False,False,False,False,False,False,False,False,False,False,False,False,False,False,False,False,False,False,False,False,False,False,False,False,False,False,False,False,False,False,True,False,False,False,False,False,False,False,False,False,False,False,False,False,False,False,False,False,False,False,False,False,False,False,False,False,False,False,False,False,False,False,False,False,False,False,False,False,False,False,False,False,False,False,False,False,False,False,False,False,False,False
49,2028,MAS,0,0,1,1,0,2,1,0,2,2,0,5,0,0.0,0.0,2.0,26.0,13.0,11.0,23.0,1.13,0.0,1.0,1.0,30.0,18.0,10.0,37.0,0.811,0.0,4.0,1.0,32.0,15.0,10.0,29.0,1.103,0.0,1.0,1.0,28.0,13.0,9.0,25.0,1.12,0.0,1.0,0.0,31.0,14.0,10.0,29.0,1.069,0.0,1.0,1.0,35.0,3.0,8.0,21.0,1.667,0.0,0.0,1.0,26.0,0.0,6.0,11.0,2.364,0.0,0.0,0.0,0.0,0.0,0.0,0.0,0.0,0.0,0.0,0.0,0.0,0.0,0.0,0.0,0.0,False,False,False,False,False,False,False,False,False,False,False,False,False,False,False,False,False,False,False,False,False,False,False,False,False,False,False,False,False,False,False,False,False,False,False,False,False,False,False,False,False,False,False,False,False,False,False,False,False,False,False,False,False,False,False,False,False,False,False,False,False,False,False,False,False,False,False,False,False,False,False,False,False,True,False,False,False,False,False,False,False,False,False,False,False,False,False,False,False,False,False,False,False,False,False,False,False,False,False,False,False,False,False,False,False,False,False,False,False,False,False,False,False,False,False,False,False,False,False,False,False,False,False,False,False,False,False
48,2028,MAR,1,0,3,0,0,2,1,0,2,2,0,7,0,1.0,0.0,1.0,61.0,18.0,21.0,35.0,1.743,1.0,0.0,0.0,46.0,14.0,18.0,37.0,1.243,0.0,0.0,1.0,48.0,19.0,13.0,39.0,1.231,0.0,0.0,1.0,63.0,17.0,12.0,40.0,1.575,0.0,1.0,1.0,47.0,11.0,7.0,35.0,1.343,0.0,1.0,4.0,55.0,9.0,9.0,28.0,1.964,0.0,0.0,2.0,34.0,2.0,7.0,28.0,1.214,1.0,1.0,1.0,44.0,1.0,7.0,24.0,1.833,1.0,0.0,2.0,27.0,3.0,4.0,25.0,1.08,False,False,False,False,False,False,False,False,False,False,False,False,False,False,False,False,False,False,False,False,False,False,False,False,False,False,False,False,False,False,False,False,False,False,False,False,False,False,False,False,False,False,False,False,False,False,False,False,False,False,False,False,False,False,False,False,False,False,False,False,False,False,False,False,False,False,False,False,False,False,False,False,True,False,False,False,False,False,False,False,False,False,False,False,False,False,False,False,False,False,False,False,False,False,False,False,False,False,False,False,False,False,False,False,False,False,False,False,False,False,False,False,False,False,False,False,False,False,False,False,False,False,False,False,False,False,False
33,2028,INA,0,0,2,1,0,3,1,0,3,2,0,8,0,2.0,0.0,1.0,29.0,13.0,12.0,25.0,1.16,1.0,1.0,3.0,28.0,12.0,8.0,23.0,1.217,1.0,2.0,0.0,28.0,11.0,7.0,20.0,1.4,0.0,2.0,1.0,22.0,9.0,8.0,16.0,1.375,1.0,1.0,4.0,24.0,9.0,7.0,17.0,1.412,1.0,3.0,2.0,47.0,20.0,12.0,32.0,1.469,1.0,1.0,2.0,40.0,17.0,11.0,23.0,1.739,2.0,2.0,1.0,42.0,15.0,10.0,31.0,1.355,0.0,1.0,0.0,29.0,6.0,11.0,32.0,0.906,False,False,False,False,False,False,False,False,False,False,False,False,False,False,False,False,False,False,False,False,False,False,False,False,False,False,False,False,False,False,False,False,False,False,False,False,False,False,False,False,False,False,False,False,False,False,False,False,False,False,False,True,False,False,False,False,False,False,False,False,False,False,False,False,False,False,False,False,False,False,False,False,False,False,False,False,False,False,False,False,False,False,False,False,False,False,False,False,False,False,False,False,False,False,False,False,False,False,False,False,False,False,False,False,False,False,False,False,False,False,False,False,False,False,False,False,False,False,False,False,False,False,False,False,False,False,False
57,2028,PAN,1,0,3,0,0,3,1,0,3,2,0,9,0,0.0,1.0,0.0,8.0,5.0,6.0,13.0,0.615,1.0,0.0,0.0,5.0,2.0,3.0,5.0,1.0,0.0,0.0,2.0,1.0,0.0,1.0,2.0,0.5,0.0,0.0,0.0,0.0,0.0,0.0,0.0,0.0,0.0,0.0,0.0,0.0,0.0,0.0,0.0,0.0,0.0,0.0,0.0,0.0,0.0,0.0,0.0,0.0,0.0,0.0,0.0,0.0,0.0,0.0,0.0,0.0,0.0,0.0,0.0,0.0,0.0,0.0,0.0,0.0,0.0,0.0,0.0,0.0,0.0,0.0,0.0,0.0,False,False,False,False,False,False,False,False,False,False,False,False,False,False,False,False,False,False,False,False,False,False,False,False,False,False,False,False,False,False,False,False,False,False,False,False,False,False,False,False,False,False,False,False,False,False,False,False,False,False,False,False,False,False,False,False,False,False,False,False,False,False,False,False,False,False,False,False,False,False,False,False,False,False,False,False,False,False,False,False,False,False,False,False,False,False,True,False,False,False,False,False,False,False,False,False,False,False,False,False,False,False,False,False,False,False,False,False,False,False,False,False,False,False,False,False,False,False,False,False,False,False,False,False,False,False,False
59,2028,PHI,0,0,1,0,0,1,1,0,2,1,0,4,0,2.0,0.0,2.0,22.0,15.0,9.0,31.0,0.71,1.0,2.0,1.0,19.0,10.0,11.0,26.0,0.731,0.0,1.0,0.0,13.0,6.0,8.0,13.0,1.0,0.0,1.0,0.0,12.0,4.0,6.0,18.0,0.667,0.0,0.0,1.0,26.0,2.0,9.0,29.0,0.897,0.0,0.0,1.0,31.0,5.0,11.0,40.0,0.775,0.0,1.0,0.0,47.0,7.0,10.0,45.0,1.044,0.0,0.0,1.0,28.0,0.0,6.0,20.0,1.4,0.0,0.0,3.0,8.0,0.0,3.0,7.0,1.143,False,False,False,False,False,False,False,False,False,False,False,False,False,False,False,False,False,False,False,False,False,False,False,False,False,False,False,False,False,False,False,False,False,False,False,False,False,False,False,False,False,False,False,False,False,False,False,False,False,False,False,False,False,False,False,False,False,False,False,False,False,False,False,False,False,False,False,False,False,False,False,False,False,False,False,False,False,False,False,False,False,False,False,False,False,False,False,False,True,False,False,False,False,False,False,False,False,False,False,False,False,False,False,False,False,False,False,False,False,False,False,False,False,False,False,False,False,False,False,False,False,False,False,False,False,False,False
56,2028,PAK,0,0,1,0,0,1,1,0,3,1,0,5,0,1.0,0.0,0.0,7.0,3.0,3.0,9.0,0.778,0.0,0.0,1.0,27.0,0.0,5.0,12.0,2.25,0.0,0.0,1.0,30.0,0.0,6.0,15.0,2.0,1.0,0.0,0.0,31.0,0.0,5.0,15.0,2.067,0.0,0.0,1.0,24.0,0.0,5.0,9.0,2.667,0.0,1.0,0.0,24.0,0.0,5.0,12.0,2.0,1.0,0.0,0.0,15.0,0.0,2.0,3.0,5.0,0.0,1.0,0.0,41.0,0.0,7.0,29.0,1.414,0.0,1.0,0.0,53.0,0.0,8.0,43.0,1.233,False,False,False,False,False,False,False,False,False,False,False,False,False,False,False,False,False,False,False,False,False,False,False,False,False,False,False,False,False,False,False,False,False,False,False,False,False,False,False,False,False,False,False,False,False,False,False,False,False,False,False,False,False,False,False,False,False,False,False,False,False,False,False,False,False,False,False,False,False,False,False,False,False,False,False,False,False,False,False,False,False,False,False,False,False,True,False,False,False,False,False,False,False,False,False,False,False,False,False,False,False,False,False,False,False,False,False,False,False,False,False,False,False,False,False,False,False,False,False,False,False,False,False,False,False,False,False
52,2028,MGL,0,0,1,0,0,1,1,0,2,1,0,4,0,0.0,1.0,0.0,32.0,18.0,9.0,37.0,0.865,0.0,1.0,3.0,43.0,25.0,10.0,43.0,1.0,0.0,1.0,1.0,43.0,17.0,9.0,41.0,1.049,0.0,2.0,3.0,29.0,13.0,7.0,32.0,0.906,2.0,2.0,0.0,28.0,14.0,7.0,29.0,0.966,0.0,0.0,1.0,16.0,4.0,7.0,16.0,1.0,0.0,0.0,2.0,33.0,6.0,8.0,31.0,1.065,0.0,0.0,1.0,28.0,4.0,5.0,28.0,1.0,0.0,1.0,0.0,32.0,2.0,5.0,29.0,1.103,False,False,False,False,False,False,False,False,False,False,False,False,False,False,False,False,False,False,False,False,False,False,False,False,False,False,False,False,False,False,False,False,False,False,False,False,False,False,False,False,False,False,False,False,False,False,False,False,False,False,False,False,False,False,False,False,False,False,False,False,False,False,False,False,False,False,False,False,False,False,False,False,False,False,False,False,True,False,False,False,False,False,False,False,False,False,False,False,False,False,False,False,False,False,False,False,False,False,False,False,False,False,False,False,False,False,False,False,False,False,False,False,False,False,False,False,False,False,False,False,False,False,False,False,False,False,False
2,2028,ARG,0,0,2,1,0,4,0,0,2,1,0,8,0,1.0,1.0,1.0,143.0,33.0,25.0,41.0,3.488,0.0,1.0,2.0,189.0,58.0,31.0,61.0,3.098,3.0,1.0,0.0,215.0,75.0,26.0,80.0,2.688,1.0,1.0,2.0,137.0,40.0,23.0,66.0,2.076,2.0,0.0,4.0,131.0,52.0,19.0,71.0,1.845,0.0,2.0,2.0,142.0,44.0,21.0,98.0,1.449,0.0,2.0,1.0,179.0,47.0,20.0,102.0,1.755,0.0,0.0,1.0,84.0,17.0,17.0,68.0,1.235,0.0,1.0,1.0,118.0,25.0,18.0,53.0,2.226,False,False,False,False,True,False,False,False,False,False,False,False,False,False,False,False,False,False,False,False,False,False,False,False,False,False,False,False,False,False,False,False,False,False,False,False,False,False,False,False,False,False,False,False,False,False,False,False,False,False,False,False,False,False,False,False,False,False,False,False,False,False,False,False,False,False,False,False,False,False,False,False,False,False,False,False,False,False,False,False,False,False,False,False,False,False,False,False,False,False,False,False,False,False,False,False,False,False,False,False,False,False,False,False,False,False,False,False,False,False,False,False,False,False,False,False,False,False,False,False,False,False,False,False,False,False,False
17,2028,CYP,0,0,4,1,0,3,0,0,3,1,0,10,0,0.0,1.0,0.0,15.0,9.0,9.0,23.0,0.652,0.0,1.0,0.0,13.0,4.0,7.0,12.0,1.083,0.0,0.0,0.0,0.0,0.0,0.0,0.0,0.0,0.0,0.0,0.0,0.0,0.0,0.0,0.0,0.0,0.0,0.0,0.0,0.0,0.0,0.0,0.0,0.0,0.0,0.0,0.0,0.0,0.0,0.0,0.0,0.0,0.0,0.0,0.0,0.0,0.0,0.0,0.0,0.0,0.0,0.0,0.0,0.0,0.0,0.0,0.0,0.0,0.0,0.0,0.0,0.0,0.0,0.0,0.0,0.0,False,False,False,False,False,False,False,False,False,False,False,False,False,False,False,False,False,False,False,False,False,False,False,False,False,False,True,False,False,False,False,False,False,False,False,False,False,False,False,False,False,False,False,False,False,False,False,False,False,False,False,False,False,False,False,False,False,False,False,False,False,False,False,False,False,False,False,False,False,False,False,False,False,False,False,False,False,False,False,False,False,False,False,False,False,False,False,False,False,False,False,False,False,False,False,False,False,False,False,False,False,False,False,False,False,False,False,False,False,False,False,False,False,False,False,False,False,False,False,False,False,False,False,False,False,False,False
77,2028,UGA,1,0,2,0,0,2,0,0,2,1,0,6,0,1.0,1.0,0.0,25.0,13.0,4.0,16.0,1.562,2.0,1.0,1.0,25.0,13.0,4.0,18.0,1.389,1.0,0.0,0.0,15.0,4.0,4.0,12.0,1.25,0.0,0.0,1.0,10.0,3.0,4.0,9.0,1.111,1.0,1.0,0.0,33.0,2.0,3.0,19.0,1.737,0.0,1.0,1.0,11.0,0.0,2.0,14.0,0.786,0.0,0.0,0.0,0.0,0.0,0.0,0.0,0.0,0.0,0.0,0.0,0.0,0.0,0.0,0.0,0.0,0.0,0.0,0.0,0.0,0.0,0.0,0.0,0.0,False,False,False,False,False,False,False,False,False,False,False,False,False,False,False,False,False,False,False,False,False,False,False,False,False,False,False,False,False,False,False,False,False,False,False,False,False,False,False,False,False,False,False,False,False,False,False,False,False,False,False,False,False,False,False,False,False,False,False,False,False,False,False,False,False,False,False,False,False,False,False,False,False,False,False,False,False,False,False,False,False,False,False,False,False,False,False,False,False,False,False,False,False,False,False,False,False,False,False,False,False,False,False,False,False,False,False,False,False,False,False,False,False,False,False,False,False,True,False,False,False,False,False,False,False,False,False
45,2028,KOS,1,0,3,0,0,3,0,0,2,1,0,8,0,0.0,1.0,1.0,9.0,7.0,4.0,9.0,1.0,2.0,0.0,0.0,11.0,6.0,6.0,11.0,1.0,1.0,0.0,0.0,8.0,5.0,5.0,8.0,1.0,0.0,0.0,0.0,0.0,0.0,0.0,0.0,0.0,0.0,0.0,0.0,0.0,0.0,0.0,0.0,0.0,0.0,0.0,0.0,0.0,0.0,0.0,0.0,0.0,0.0,0.0,0.0,0.0,0.0,0.0,0.0,0.0,0.0,0.0,0.0,0.0,0.0,0.0,0.0,0.0,0.0,0.0,0.0,0.0,0.0,0.0,0.0,0.0,False,False,False,False,False,False,False,False,False,False,False,False,False,False,False,False,False,False,False,False,False,False,False,False,False,False,False,False,False,False,False,False,False,False,False,False,False,False,False,False,False,False,False,False,False,False,False,False,False,False,False,False,False,False,False,False,False,False,False,False,False,False,False,False,False,True,False,False,False,False,False,False,False,False,False,False,False,False,False,False,False,False,False,False,False,False,False,False,False,False,False,False,False,False,False,False,False,False,False,False,False,False,False,False,False,False,False,False,False,False,False,False,False,False,False,False,False,False,False,False,False,False,False,False,False,False,False
43,2028,KGZ,0,0,2,0,0,2,1,0,2,1,0,6,0,0.0,2.0,4.0,16.0,5.0,5.0,17.0,0.941,0.0,2.0,1.0,16.0,5.0,7.0,17.0,0.941,0.0,1.0,2.0,20.0,4.0,9.0,22.0,0.909,0.0,0.0,1.0,48.0,13.0,9.0,59.0,0.814,0.0,0.0,0.0,0.0,0.0,0.0,0.0,0.0,0.0,0.0,0.0,0.0,0.0,0.0,0.0,0.0,0.0,0.0,0.0,0.0,0.0,0.0,0.0,0.0,0.0,0.0,0.0,0.0,0.0,0.0,0.0,0.0,0.0,0.0,0.0,0.0,0.0,0.0,0.0,0.0,False,False,False,False,False,False,False,False,False,False,False,False,False,False,False,False,False,False,False,False,False,False,False,False,False,False,False,False,False,False,False,False,False,False,False,False,False,False,False,False,False,False,False,False,False,False,False,False,False,False,False,False,False,False,False,False,False,False,False,False,False,False,False,True,False,False,False,False,False,False,False,False,False,False,False,False,False,False,False,False,False,False,False,False,False,False,False,False,False,False,False,False,False,False,False,False,False,False,False,False,False,False,False,False,False,False,False,False,False,False,False,False,False,False,False,False,False,False,False,False,False,False,False,False,False,False,False
3,2028,ARM,0,0,1,0,0,2,0,0,2,0,0,5,0,0.0,3.0,1.0,15.0,2.0,7.0,16.0,0.938,0.0,2.0,2.0,17.0,3.0,8.0,19.0,0.895,1.0,3.0,0.0,31.0,7.0,8.0,32.0,0.969,0.0,1.0,1.0,24.0,4.0,9.0,30.0,0.8,0.0,1.0,4.0,24.0,2.0,7.0,24.0,1.0,0.0,0.0,1.0,25.0,2.0,10.0,26.0,0.962,1.0,1.0,0.0,32.0,2.0,11.0,36.0,0.889,0.0,0.0,0.0,0.0,0.0,0.0,0.0,0.0,0.0,0.0,0.0,0.0,0.0,0.0,0.0,0.0,False,False,False,False,False,True,False,False,False,False,False,False,False,False,False,False,False,False,False,False,False,False,False,False,False,False,False,False,False,False,False,False,False,False,False,False,False,False,False,False,False,False,False,False,False,False,False,False,False,False,False,False,False,False,False,False,False,False,False,False,False,False,False,False,False,False,False,False,False,False,False,False,False,False,False,False,False,False,False,False,False,False,False,False,False,False,False,False,False,False,False,False,False,False,False,False,False,False,False,False,False,False,False,False,False,False,False,False,False,False,False,False,False,False,False,False,False,False,False,False,False,False,False,False,False,False,False
9,2028,BRN,0,0,2,0,0,2,0,0,2,0,0,6,0,2.0,1.0,1.0,14.0,8.0,5.0,13.0,1.077,0.0,1.0,0.0,32.0,7.0,5.0,14.0,2.286,1.0,1.0,0.0,33.0,13.0,4.0,20.0,1.65,1.0,0.0,0.0,12.0,8.0,3.0,11.0,1.091,0.0,0.0,0.0,0.0,0.0,0.0,0.0,0.0,0.0,0.0,0.0,0.0,0.0,0.0,0.0,0.0,0.0,0.0,0.0,0.0,0.0,0.0,0.0,0.0,0.0,0.0,0.0,0.0,0.0,0.0,0.0,0.0,0.0,0.0,0.0,0.0,0.0,0.0,0.0,0.0,False,False,False,False,False,False,False,False,False,False,False,False,False,False,False,False,True,False,False,False,False,False,False,False,False,False,False,False,False,False,False,False,False,False,False,False,False,False,False,False,False,False,False,False,False,False,False,False,False,False,False,False,False,False,False,False,False,False,False,False,False,False,False,False,False,False,False,False,False,False,False,False,False,False,False,False,False,False,False,False,False,False,False,False,False,False,False,False,False,False,False,False,False,False,False,False,False,False,False,False,False,False,False,False,False,False,False,False,False,False,False,False,False,False,False,False,False,False,False,False,False,False,False,False,False,False,False
39,2028,JOR,0,0,2,0,0,2,0,0,2,0,0,6,0,0.0,1.0,0.0,12.0,3.0,6.0,13.0,0.923,0.0,1.0,1.0,14.0,4.0,8.0,15.0,0.933,1.0,0.0,0.0,8.0,1.0,6.0,8.0,1.0,0.0,0.0,0.0,0.0,0.0,0.0,0.0,0.0,0.0,0.0,0.0,0.0,0.0,0.0,0.0,0.0,0.0,0.0,0.0,0.0,0.0,0.0,0.0,0.0,0.0,0.0,0.0,0.0,0.0,0.0,0.0,0.0,0.0,0.0,0.0,0.0,0.0,0.0,0.0,0.0,0.0,0.0,0.0,0.0,0.0,0.0,0.0,0.0,False,False,False,False,False,False,False,False,False,False,False,False,False,False,False,False,False,False,False,False,False,False,False,False,False,False,False,False,False,False,False,False,False,False,False,False,False,False,False,False,False,False,False,False,False,False,False,False,False,False,False,False,False,False,False,False,False,False,False,True,False,False,False,False,False,False,False,False,False,False,False,False,False,False,False,False,False,False,False,False,False,False,False,False,False,False,False,False,False,False,False,False,False,False,False,False,False,False,False,False,False,False,False,False,False,False,False,False,False,False,False,False,False,False,False,False,False,False,False,False,False,False,False,False,False,False,False
73,2028,TJK,0,0,2,0,0,1,0,0,2,0,0,5,0,0.0,0.0,3.0,14.0,3.0,6.0,14.0,1.0,1.0,0.0,0.0,7.0,2.0,4.0,7.0,1.0,0.0,0.0,1.0,16.0,3.0,7.0,16.0,1.0,0.0,1.0,1.0,15.0,3.0,8.0,16.0,0.938,0.0,0.0,0.0,0.0,0.0,0.0,0.0,0.0,0.0,0.0,0.0,0.0,0.0,0.0,0.0,0.0,0.0,0.0,0.0,0.0,0.0,0.0,0.0,0.0,0.0,0.0,0.0,0.0,0.0,0.0,0.0,0.0,0.0,0.0,0.0,0.0,0.0,0.0,0.0,0.0,False,False,False,False,False,False,False,False,False,False,False,False,False,False,False,False,False,False,False,False,False,False,False,False,False,False,False,False,False,False,False,False,False,False,False,False,False,False,False,False,False,False,False,False,False,False,False,False,False,False,False,False,False,False,False,False,False,False,False,False,False,False,False,False,False,False,False,False,False,False,False,False,False,False,False,False,False,False,False,False,False,False,False,False,False,False,False,False,False,False,False,False,False,False,False,False,False,False,False,False,False,False,False,False,False,False,False,False,False,False,True,False,False,False,False,False,False,False,False,False,False,False,False,False,False,False,False
13,2028,CIV,0,0,2,0,0,2,0,0,2,0,0,6,0,0.0,0.0,1.0,13.0,9.0,4.0,11.0,1.182,0.0,0.0,1.0,31.0,6.0,6.0,11.0,2.818,1.0,0.0,1.0,12.0,7.0,6.0,12.0,1.0,0.0,1.0,0.0,15.0,1.0,4.0,14.0,1.071,0.0,0.0,0.0,0.0,0.0,0.0,0.0,0.0,0.0,0.0,0.0,0.0,0.0,0.0,0.0,0.0,0.0,0.0,0.0,0.0,0.0,0.0,0.0,0.0,0.0,0.0,0.0,0.0,0.0,0.0,0.0,0.0,0.0,0.0,0.0,0.0,0.0,0.0,0.0,0.0,False,False,False,False,False,False,False,False,False,False,False,False,False,False,False,False,False,False,False,False,True,False,False,False,False,False,False,False,False,False,False,False,False,False,False,False,False,False,False,False,False,False,False,False,False,False,False,False,False,False,False,False,False,False,False,False,False,False,False,False,False,False,False,False,False,False,False,False,False,False,False,False,False,False,False,False,False,False,False,False,False,False,False,False,False,False,False,False,False,False,False,False,False,False,False,False,False,False,False,False,False,False,False,False,False,False,False,False,False,False,False,False,False,False,False,False,False,False,False,False,False,False,False,False,False,False,False
67,2028,SGP,0,0,2,0,0,2,0,0,2,0,0,6,0,0.0,0.0,1.0,23.0,16.0,11.0,24.0,0.958,1.0,0.0,0.0,24.0,15.0,7.0,24.0,1.0,0.0,0.0,2.0,23.0,15.0,9.0,29.0,0.793,0.0,1.0,0.0,25.0,14.0,6.0,25.0,1.0,0.0,0.0,0.0,0.0,0.0,0.0,0.0,0.0,0.0,0.0,0.0,0.0,0.0,0.0,0.0,0.0,0.0,0.0,0.0,0.0,0.0,0.0,0.0,0.0,0.0,0.0,0.0,0.0,0.0,0.0,0.0,0.0,0.0,0.0,0.0,0.0,0.0,0.0,0.0,0.0,False,False,False,False,False,False,False,False,False,False,False,False,False,False,False,False,False,False,False,False,False,False,False,False,False,False,False,False,False,False,False,False,False,False,False,False,False,False,False,False,False,False,False,False,False,False,False,False,False,False,False,False,False,False,False,False,False,False,False,False,False,False,False,False,False,False,False,False,False,False,False,False,False,False,False,False,False,False,False,False,False,False,False,False,False,False,False,False,False,False,False,False,False,False,False,False,False,False,False,False,True,False,False,False,False,False,False,False,False,False,False,False,False,False,False,False,False,False,False,False,False,False,False,False,False,False,False
63,2028,PUR,0,0,0,0,0,1,0,0,1,0,0,2,0,0.0,0.0,2.0,51.0,24.0,13.0,30.0,1.7,1.0,0.0,0.0,37.0,24.0,15.0,24.0,1.542,1.0,0.0,0.0,40.0,27.0,15.0,27.0,1.481,0.0,1.0,1.0,25.0,6.0,8.0,25.0,1.0,0.0,0.0,1.0,69.0,22.0,16.0,60.0,1.15,0.0,0.0,1.0,69.0,6.0,12.0,57.0,1.211,0.0,1.0,1.0,51.0,8.0,13.0,45.0,1.133,0.0,0.0,1.0,80.0,7.0,12.0,74.0,1.081,0.0,0.0,1.0,9.0,0.0,3.0,8.0,1.125,False,False,False,False,False,False,False,False,False,False,False,False,False,False,False,False,False,False,False,False,False,False,False,False,False,False,False,False,False,False,False,False,False,False,False,False,False,False,False,False,False,False,False,False,False,False,False,False,False,False,False,False,False,False,False,False,False,False,False,False,False,False,False,False,False,False,False,False,False,False,False,False,False,False,False,False,False,False,False,False,False,False,False,False,False,False,False,False,False,False,False,False,True,False,False,False,False,False,False,False,False,False,False,False,False,False,False,False,False,False,False,False,False,False,False,False,False,False,False,False,False,False,False,False,False,False,False
58,2028,PER,0,0,1,0,0,1,0,0,1,0,0,3,0,0.0,0.0,1.0,26.0,17.0,10.0,21.0,1.238,0.0,1.0,0.0,16.0,4.0,9.0,18.0,0.889,0.0,1.0,0.0,21.0,14.0,7.0,15.0,1.4,0.0,1.0,0.0,35.0,16.0,10.0,29.0,1.207,1.0,0.0,0.0,41.0,0.0,7.0,26.0,1.577,0.0,0.0,0.0,0.0,0.0,0.0,0.0,0.0,0.0,0.0,0.0,0.0,0.0,0.0,0.0,0.0,0.0,0.0,0.0,0.0,0.0,0.0,0.0,0.0,0.0,0.0,0.0,0.0,0.0,0.0,0.0,0.0,False,False,False,False,False,False,False,False,False,False,False,False,False,False,False,False,False,False,False,False,False,False,False,False,False,False,False,False,False,False,False,False,False,False,False,False,False,False,False,False,False,False,False,False,False,False,False,False,False,False,False,False,False,False,False,False,False,False,False,False,False,False,False,False,False,False,False,False,False,False,False,False,False,False,False,False,False,False,False,False,False,False,False,False,False,False,False,True,False,False,False,False,False,False,False,False,False,False,False,False,False,False,False,False,False,False,False,False,False,False,False,False,False,False,False,False,False,False,False,False,False,False,False,False,False,False,False
50,2028,MDA,0,0,1,0,0,2,0,0,1,0,0,4,0,0.0,1.0,3.0,26.0,12.0,10.0,27.0,0.963,0.0,0.0,1.0,20.0,11.0,8.0,23.0,0.87,0.0,0.0,1.0,29.0,8.0,8.0,28.0,1.036,0.0,1.0,1.0,34.0,5.0,7.0,34.0,1.0,0.0,1.0,1.0,40.0,5.0,10.0,41.0,0.976,0.0,0.0,0.0,0.0,0.0,0.0,0.0,0.0,0.0,0.0,0.0,0.0,0.0,0.0,0.0,0.0,0.0,0.0,0.0,0.0,0.0,0.0,0.0,0.0,0.0,0.0,0.0,0.0,0.0,0.0,0.0,0.0,False,False,False,False,False,False,False,False,False,False,False,False,False,False,False,False,False,False,False,False,False,False,False,False,False,False,False,False,False,False,False,False,False,False,False,False,False,False,False,False,False,False,False,False,False,False,False,False,False,False,False,False,False,False,False,False,False,False,False,False,False,False,False,False,False,False,False,False,False,False,False,False,False,False,True,False,False,False,False,False,False,False,False,False,False,False,False,False,False,False,False,False,False,False,False,False,False,False,False,False,False,False,False,False,False,False,False,False,False,False,False,False,False,False,False,False,False,False,False,False,False,False,False,False,False,False,False
81,2028,ZAM,0,0,3,0,0,4,0,0,3,0,0,10,0,0.0,0.0,1.0,31.0,22.0,5.0,8.0,3.875,0.0,1.0,0.0,8.0,1.0,2.0,8.0,1.0,0.0,0.0,1.0,16.0,0.0,3.0,18.0,0.889,0.0,0.0,0.0,0.0,0.0,0.0,0.0,0.0,0.0,0.0,0.0,0.0,0.0,0.0,0.0,0.0,0.0,0.0,0.0,0.0,0.0,0.0,0.0,0.0,0.0,0.0,0.0,0.0,0.0,0.0,0.0,0.0,0.0,0.0,0.0,0.0,0.0,0.0,0.0,0.0,0.0,0.0,0.0,0.0,0.0,0.0,0.0,0.0,False,False,False,False,False,False,False,False,False,False,False,False,False,False,False,False,False,False,False,False,False,False,False,False,False,False,False,False,False,False,False,False,False,False,False,False,False,False,False,False,False,False,False,False,False,False,False,False,False,False,False,False,False,False,False,False,False,False,False,False,False,False,False,False,False,False,False,False,False,False,False,False,False,False,False,False,False,False,False,False,False,False,False,False,False,False,False,False,False,False,False,False,False,False,False,False,False,False,False,False,False,False,False,False,False,False,False,False,False,False,False,False,False,False,False,False,False,False,False,False,False,False,False,False,False,True,False
